Номер STR,Субфайл WAD,Длина озвучки (сек.),Персонаж,Текст,Перевод,Номер строки,Переведённое имя
,98,,,"Spyro, I've got a special task for Sparx. Meet me back here later! -Zoe","Спайро, у меня особое поручение для Спаркса. Встретимся здесь позже! -Зоя",1,
37,98,30.29,Bianca,"So... you're the one in charge of rescuing the eggs, huh? Heh heh heh... How sad... Look here, dragon, if you know what's good for you, you'll turn around and crawl back up that hole you came through. Those eggs belong to us now, and I've hidden them in places you'll never find in a thousand years! Besides, even if you could find an egg, our expertly trained armies will dispose of you and take it back. Do I make myself clear? If I find you here again, I am going to be verrrrry angry... and you won't like me when I'm angry…","Так-с... Так это ты тот самый спасатель яиц, ха? Хе-хе-хе... Какая драма... Смотри сюда, дракоша, если тебе не нужны неприятности, ты развернёшься и почешешь обратно через дыру, из которой ты вылез. Яйца наши, и я спрятала их так, что ты их и за тысячу лет не отыщешь! А если вдруг и найдёшь, наша профессиональная армия мигом их отберёт, предварительно смешав тебя с грязью. Усёк? Если мы ещё раз встретимся здесь, я ооочень разозлюсь... а когда я зла, тебе лучше не попадаться мне на глаза... ",2,
43,98,21.12,Moneybags,"Spyro! My my, how funny to see you here! Why, I haven't seen you since we defeated Ripto in Avalar... heh heh... Well, my business went into a slump after you left, so I came here and struck up a nice deal with the local Sorceress. Lovely woman, she is. Seems to be very fond of dragons, too…","Спайро! Мой дорогой, как здорово увидеть тебя здесь! Мы не виделись с тех пор, как разгромили Рипто в Аваларе... хе-хе... Конечно, с твоим уходом мой бизнес прогорел, и вот я пришел сюда и заключил дивную сделочку с местной Колдуньей. Какая женщина... Кажется, она тоже без ума от драконов…",3,
71,98,16.64,Moneybags,"I'm getting paid a fortune to keep Sheila the Kangaroo locked up... heh heh... the pesky animal must have been causing a lot of trouble for that poor Sorceress... I suppose I could accidentally let the kangaroo escape... if you were to pay me, say...a small fee. &Pay ^ gems to free Sheila? &Sure. &No thanks.","Мне платят огромные деньжищи за то, что я держу Кенгуру Шейлу под замком... хе-хе... это надоедливое животное сильно досаждает бедняжке Колдунье. Но замочек, совершенно случайно, мог бы и сломаться… скажем... за небольшую плату. &Выпустишь Шейлу за ^^^ камней? &Конечно. &Нет уж, спасибо.",4,
80,98,16.00,Hunter,"I see an egg at the bottom of this lake. I would go get it, but I don't want to get my fur all wet. Maybe you could get it. You can dive underwater by pressing the > button when you're on the surface, and charge underwater by holding down the > button. &[Press > button to dive underwater &[Press < button to swim &[Hold down > button to charge underwater","Я вижу яйцо на дне озера. Я б его вытащил, но мне не хочется до шерстинки промокнуть. А вот тебе это не грозит. Прыгай в воду и ныряй, нажав >, держи > - и ты ускоришься. &[Нажми >, чтобы нырнуть &[Удерживай <, чтобы плыть &[Держи >, чтобы ускориться.",5,
94,98,14.72,Hunter,"Yo, Spyro! I just found one of those portal thingamajigs that leads to a different world, but you'll have to glide to get across to it. Press the < button to jump, then press the < button again while you're in the air to glide! Just follow me... &[Press < button to jump. &[Press < button in mid-air to glide.","Йоу, Спайро! Я тут нашёл одну из этих штуковин - порталов, которые ведут в другие миры, но до него ещё нужно долететь. Нажми < для прыжка, а когда будешь в воздухе, жми его снова, чтобы лететь! Двигай за мной. &[Прыгни кнопкой < . &[ В воздухе нажми <, чтобы лететь.",6,
106,98,14.08,Zoe,"Hi Spyro. To look left or right, press the @4L2@0 or @4R2@0 buttons. To quickly center the camera behind you, press the @4L1@0 or @4R1@0 button. You can look all around by holding the } button down. &[Use @0L2@4 and @0R2@4 buttons to rotate camera. &[Press @0L1@4 or @0R1@4 to center the camera. &[Hold } to look around.","Привет, Спайро. Захочешь посмотреть влево или вправо - нажимай на @4L2@0 или @4R2@0. Чтобы быстро поставить камеру позади себя, нажми @4L1@0 или @4R1@0. Осматривайся с помощью }. &Поворачивай камеру кнопками @0L2@4 и @0R2@4. &[Нажми @0L1@4 или @0R1@4, чтобы камера смотрела прямо. &[Держи }, чтобы осмотреться.",7,
127,98,12.59,Zoe,Nice work Sparx! You've beaten the Crawdad King and found the lost egg. Not only that but some of the dragon magic seems to have rubbed off on you. Now you can pick up gems when they're even further away from Spyro.,"Отлично, Спаркс! Ты одолел Короля-Рака и нашел потерянное яйцо. Но и это еще не все! Кажется, на тебе отразилась магия драконов. Теперь ты будешь подбирать даже те камни, что далеко от Спайро.",8,
134,98,12.37,Zoe,"I'm sorry, Spyro, but you seem to be playing a hacked version of this game. This may be an illegal copy. Since this copy has been modified, you may experience problems that would not occur on a legal copy.","Я сожалею, Спайро, но ты играешь во взломанную версию игры. Она может быть пиратской копией. Так как она взломана, ты можешь столкнуться с проблемами, которых нет в лицензионной копии игры.",9,
166,98,11.31,Hunter,"To get the best glide distance, press the < button while walking forward, then press it again at the top of your jump. Finally, press the } button just before you get to the landing to hover. &[Pressing the } button gives you extra glide distance!","Чтобы пролететь как можно дальше, шагай вперёд и одновременно нажимай кнопку <, а когда высоко подпрыгнешь, нажми её ещё раз. Затем не забудь про кнопку }, когда уже идёшь на посадку. &[Нажатие кнопки } увеличит полёт!",10,
167,98,11.31,Snappy the Seal,"Here I was, about to go for a nice swim at Shell Beach, and my portal just disappeared right in front of me. If you go find some more of those dragon eggs, I bet this portal would turn on again. &[^^ eggs needed to open portal.","Я было собирался искупаться на Пляже Ракушек, как мой портал внезапно исчез прямо передо мной! Может, если ты найдешь больше драконьих яиц, он снова появится. &[^^ яиц откроют портал.",11,
181,98,10.88,Moneybags,"The Sorceress has asked me to guard Sheila the Kangaroo. I suppose, if you had a bit more money, I'd be willing to let her escape. Then you could keep her for a pet or something. &[^ gems needed to free Sheila.","Я охраняю кенгуру Шейлу по просьбе Колдуньи. Мне бы захотелось посодействовать её побегу, будь у тебя побольше денег. Она может стать твоим питомцем… Или ещё кем-нибудь... &[Свобода Шейлы стоит ^^^ камней.",12,
182,98,10.88,Moneybags,"Ahhh, Spyro, I love your sweet naivete... Your kind-hearted nature might be your downfall someday, but for the time being it's making me rich!","Ах, Спайро, твоя наивность прекрасна... Твое доброе сердечко может подвести тебя когда-нибудь, но сейчас оно делает меня богатым!",13,
183,98,10.88,Hunter,"There's definitely something shiny at the bottom of this hole. I was about to jump down there, but I think I hear running water and I hate to get wet. It's a cat thing.","На дне этой дыры точно чё-то блестит. Я уж было собрался туда прыгнуть, как услышал, что внизу журчит вода. А я ненавижу намокать. Кошачьи заморочки.",14,
220,98,9.60,Moneybags,"Well, don't worry, Spyro. Sheila won't stay in jail forever... The Sorceress is thinking about having her executed next Thursday.","Ну, не расстраивайся, Спайро. Шейла не останется в клетке навсегда... Колдунья подумывает избавиться от неё в следующий четверг. После дождичка.",15,
237,98,8.96,Snappy the Seal,I think something is draining the magic out of the world. They say things have been going downhill ever since the dragons left here a thousand years ago.,"По ходу, что-то выкачивает магию из этого мира. Говорят, все пошло наперекосяк с тех пор, как тыщу лет назад отсюда ушли драконы.",16,
249,98,8.53,Zoe,"Spyro, I've found an egg, but only Sparx will be able to reach it. There's a small hole that leads to a crawdad farm. I can take him there if he's ready. &Enter Crawdad Farm bonus world? &Yes. &No.","Спайро, я нашла яйцо, но только Спаркс может достать его. Есть небольшая нора, что ведет на ферму раков. Я могу провести его туда, если он готов. &Войти в потайной мир - Ферму Раков? &Да. &Нет.",17,
252,98,8.32,Zoe,"Your camera is now in 'Active' mode, and will move faster. If you don't like it, come back and see me, or change it yourself by using the Options Menu.","Твоя камера теперь в активном режиме и поворачивается быстрее. Если тебя это не устроит, вернись ко мне или сам измени режим в настройках.",18,
263,98,8.32,Hunter,"Remember, press the > button to dive underwater. Then, when you are under the surface, hold down the > button to charge. &[Press > button to dive underwater &[Press < button to swim &[Hold down > button to charge underwater","Запомни, чтобы нырнуть, нажми кнопку >. А когда ты уже под водой, держи > - и ты ускоришься. &[Нажми >, чтобы нырнуть &[Нажимай кнопку <, чтобы плыть &[Держи >, если хочешь ускориться.",19,
264,98,8.32,Cumulus,"This is a balloon that will take you to a new land, but we can't use it until you bring back one person from each of the five worlds.","Этот шар доставил бы тебя в другие края, но его не получится опустить, пока ты не приведёшь по одному обитателю из каждого мира.",20,
290,98,7.68,Zoe,"This is a superfly powerup Spyro. Whenever you walk through any powerup that looks like this one, it will allow you to fly for a while…","Спайро, это - усилитель полёта. Если ты шагнёшь сквозь любой такой, то сможешь немного полетать…",21,
291,98,7.47,Zoe,"Your game camera is currently in 'Passive' mode. This mode requires you to control the camera yourself, and moves more slowly.","Камера сейчас в пассивном режиме. Это означает, что управлять камерой нужно самостоятельно, и она поворачивается медленно.",22,
313,98,7.25,Mayor Leo,"I don't know how this balloon works, but I think we can get it working for you if you bring back someone from each of the other worlds.","Я без понятия, как устроен этот шар, но похоже, что на нём можно взлететь, если ты приведёшь сюда кого-нибудь из других миров.",23,
321,98,6.83,Zoe,"If you like, I can change the game camera to 'Active' mode. In 'Active' mode, the camera moves much faster. &Change game camera to 'Active' mode?&No.&Yes.","Если хочешь, я могу переключить камеру в активный режим. Тогда она станет двигаться гораздо быстрее. &Включить активный режим камеры?&Нет.&Да.",24,
327,98,6.83,Sheila the Kangaroo,"Hi, Spyro. If you bring someone back from each of the five worlds, we'll have enough weight to pull down this balloon for you.","Привет, Спайро. Если приведёшь сюда ещё народу из разных миров, то нашего веса хватит, чтобы опустить этот воздушный шар.",25,
328,98,6.83,Rocky,"If you can bring back one person from each of our five worlds, we can help you use the balloon.","Если приведёшь сюда жителя каждого из пяти миров, мы поможем тебе с шаром. ",26,
330,98,6.61,Zoe,"OK, I won't change it. Remember, you can change the camera mode yourself by using the Options Menu.","Хорошо, я не буду его изменять, но ты всегда можешь переключить режим камеры в настройках.",27,
351,98,6.40,Rocky,This balloon will take you to the great Tiki Lodge in the sky! Just jump on when you're ready.,"Шар доставит тебя к великой небесной Ложе Тики! Просто запрыгивай, когда будешь готов. ",28,
360,98,6.19,Sheila the Kangaroo,"This balloon will take you to a land closer to the Sorceress, Spyro. You can also use it to come back here whenever you want to.","На этом шаре ты попадёшь в другие земли, ближе к владениям Колдуньи. Ну и также ты сможешь в любой момент вернуться на нём обратно.",29,
362,98,6.19,Rocky,"At last, my portal is working again! Come visit me at the Tiki Lodge!","Наконец-то, мой портал снова открыт! Навести меня в Ложе! ",30,
402,98,5.33,Zoe,"The game camera is now in 'Passive' mode. If you want me to change it again, just ask!",Игровая камера теперь в пассивном режиме. Захочешь поменять - просто попроси!,31,
403,98,5.33,Zoe,"Sparx has already recovered the egg from the crawdad farm, but he can go back if he wants to practice. &Return to Crawdad Farm bonus world? &Yes. &No.","Спаркс уже вернул яйцо из фермы раков, но он может зайти туда еще раз, если хочет потренироваться. &Вернуться в потайной мир Ферму Раков? &Да. &Нет.",32,
453,98,4.69,Snappy the Seal,"Yay, my portal is working! I'll see you at the beach!","Уря, мой портал работает! Увидимся на пляже!",33,
478,98,4.27,Hunter,"To get the best glide, press the < button at the very top of your jump.","Чтобы пролететь дальше, тыкай на <, когда подпрыгнешь повыше.",34,
498,98,3.84,Hunter,"Oh, I almost forgot, I found this egg!","Ой, чуть не забыл, я же нашел это яйцо!",35,
530,98,2.99,Cumulus,"Hop in the balloon whenever you want, Spyro!","Запрыгивай в корзину когда пожелаешь, Спайро!",36,
551,98,2.35,Rocky,Let's head on over to the balloon.,Пойдем к шару.,37,
552,98,2.35,Cumulus,Let's head on over to the balloon!,"Пойдём к шару, все уже заждались! ",38,
561,98,2.13,Snappy the Seal,Let's head on over to the balloon!,Погнали к шару!,39,
566,98,1.71,Sheila the Kangaroo,Let's head on over to the balloon!,"Давай, идём к шару!",40,
1013,98,10.24,Rocky,"I'm late for a dinner party at the Tiki Lodge, and the portal to my home just stopped working. Maybe the portal will reactivate after a few more dragons hatch. &[^^ eggs needed to open portal.","Я опаздываю на званый обед в Tiki Lodge, а портал к моему дому попросту захлопнулся. Может, если вылупится еще несколько драконов, он снова откроется? &[^^ яиц отворят портал. ",41,
1014,98,10.24,Hunter,"I saw something shiny in that cave over there...let's go check it out! You can get there by hovering. To hover, just press the } button at the end of your glide! &[Press the } button at the end of your glide to hover. &[Hovering will give you extra height and distance.","Я вижу что-то блестящее вон в той пещере... давай узнаем, чё это! Но тебе бы вспорхнуть чуток, чтобы добраться дотуда. Так что жми кнопку } в конце полёта! &[В конце полёта нажми кнопку }, чтобы взмахнуть крыльями. &[Ты пролетишь выше и дальше.",42,
1030,98,8.11,Snappy the Seal,"I want to repay you for saving me from that octopus. We can help you use this hot air balloon, if you just bring back someone from each of the other worlds.","Ты спас меня от осьминога, и в ответ я бы хотел помочь тебе с воздушным шаром. Только приведи кого-нибудь из оставшихся миров.",43,
1044,98,7.47,Mayor Leo,"I guess you just hop in the balloon, now... Don't ask me how it works, I just showed up for the punch and cookies, a ha ha ha.","Наверное, надо забраться в корзину...Не знаю, как эта штука летает, я просто изображал бурную деятельность за печеньки, ха-ха-ха.",44,
1103,98,4.69,Zoe,"Do you like the 'Active' camera mode? If not, I can set it back to the 'Passive' mode. &Change game camera to 'Passive' mode?&No.&Yes.","Как тебе активный режим? Если он тебя не устраивает, то то можешь поменять камеру на пассивную. &Изменить режим камеры на пассивный?&Нет.&Да.",45,
1141,98,3.63,Sheila the Kangaroo,Thanks for freeing me. Why don't you come visit me in my home world?,*фраза не используется*,46,
1161,98,2.99,Snappy the Seal,"The balloon's all ready, sir! Just jump on!","Шар абсолютно готов, сэр! Просто запрыгивайте!",47,
1173,98,2.56,Mayor Leo,Let's head on over to the balloon!,Быстрее к шару!,48,
1174,98,2.35,Zoe,"OK, I won't change it.","Хорошо, оставлю так.",49,
,100,,,"Attention dragon: if you ever want to see your mangy cat friend again, you had better leave here at once!\ -The Sorceress","Внимание дракон: если ты хочешь еще хоть когда-нибудь увидать своего дружка паршивого кота, то лучше сразу иди отсюда!\ -Колдунья",50,
,100,,,Come on in!\ -Sheila,Заходи!\ -Шейла,51,
,100,,,"Spyro, thanks for dropping by, but I'm currently busy in my home world. Come visit me there.\ -Sheila","Спайро, спасибо, что заскочил, но у меня дела в родном мире. Навести меня там.\ -Шейла",52,
,100,,,To Whom it May Concern: Sheila the Kangaroo is currently otherwise detained -- by me. Please return in a few years.\ -The Sorceress,"Тем, Кто Интересуется: Кенгуру Шейла сейчас заперта - у меня. Возвращайтесь через несколько лет.\ -Колдунья",53,
123,100,12.80,Hunter,"You can go for the course record now, if you want. Whenever you hop on a skateboard, a timer will start. Score as many points as you can until the timer expires or you wipe out. Good luck!","Попробуй поставить новый рекорд, если хочешь. Когда встанешь на скейт, включится таймер. Набери как можно больше очков, прежде чем закончится время. Удачи!",54,
161,100,11.52,Hunter,"Alright, if you can catch all the lizards without wiping out and before time runs out, I might be able to scrounge up another egg. It's not gonna be easy, though... &Start difficult boarding challenge now? &Yes. &No.","Хорошо, если ты за три минуты поймаешь всех ящерок и не рухнешь со скейта, я, наверное, смогу добыть ещё одно яйцо. Это будет непросто, хотя... &Начнёшь сложный этап? &Да &Нет",55,
214,100,9.81,Hunter,"Now that you've mastered the basics, let's see you do some stunts! Try using the < or } button to jump off ramps and turn in the air…","Теперь, когда ты знаешь азы, давай освоим некоторые трюки! Попробуй нажать < или } чтобы прыгнуть с трамплина и крутануться в воздухе.",56,
236,100,8.96,Hunter,Hi Spyro. I found this gladiator training arena and it makes a pretty cool skate park! Care for a test of your boarding skills? &Start boarding challenge now? &Yes. &No.,"Здарова, Спайро. Я отыскал арену гладиаторов, из неё вышел классный скейтпарк! Не хочешь попробовать себя в скейтинге? &Начнёшь скейтерское испытание? &Да &Нет",57,
262,100,8.32,Hunter,I bet you can't catch all fifteen of the lizards running around here... Just come back if you want some boarding tips from the master. &[Catch the lizards.,"Спорим, тебе не поймать 15 ящериц, что бегают где-то здесь... Если нужен совет спеца по скейтам, обращайся. &[Поймай ящериц.",58,
296,100,7.47,Citizen Paulus,"We showed those two bullies. If they hadn't outnumbered me two to one, I'd have finished them off ages ago.","Мы проучили этих хулиганов. Не будь их двое, я бы и сам справился.",59,
298,100,7.47,Hunter,Having trouble? If you use the < button to jump off the ramps you'll get extra height and distance.,"Проблемы? Если нажмешь кнопку < при прыжке с трамплина, то пролетишь гораздо выше и дальше.",60,
312,100,7.25,Marco,"Alas, I have lost my love, guarded by evil rhynocs at the top of yonder tower. Can you rescue her for me?","Увы, я потерял свою любимую, её охраняют злые носороги на вершине вон той башни. Ты можешь её для меня вызволить?",61,
349,100,6.40,Hunter,"Yeah, maybe you'd better practice a bit first... Just come back here when you're up for a challenge.","Лады, может тогда сперва потренируешься? А как созреешь для чего посерьёзней — приходи.",62,
361,100,6.19,Hunter,"Hey that was great! And while you were boarding, I found this in a lizard burrow.","Эй, вот это крутяк! И пока ты катался, я нашел вот это в норке ящерицы.",63,
368,100,5.76,Zoe,That means your progress is saved. If you get into trouble you'll return to the last place you got zapped.,"…это означает, что игра сохранена. Если с тобой что-то случится, ты вернёшься на место сохранения.",64,
369,100,5.76,Sheila,"Hey Spyro, there are rhynocs everywhere. Maybe I can find some peace and quiet at the top of the tower…","Эй, Спайро, тут повсюду носороги. Может, на вершине башни я смогу побыть в тишине и покое…",65,
371,100,5.76,Hunter,"Whoa, that was sweet! And look, there was another egg in the lizard burrow.",Вот это отпад! Гляди - второе яйцо из её норки.,66,
381,100,5.76,Mayor Leo,Thank you for rescuing my town. As mayor I award you with one of our famous giant chicken eggs.,"Благодарю за спасение моего города. Как мэр, я награждаю тебя одним из знаменитейших огромных куриных яичек.",67,
440,100,4.91,Hunter,This is the most fun I've had since we chased King Flippy on the manta ray.,"Круче на скейте кататься, чем на скате за Флиппи гоняться!",68,
450,100,4.69,Rapunzel,What! Marco sent you here? I've got a restraining order against him.,Постой! Тебя прислал Марко? А у меня есть приказ на его арест.,69,
468,100,4.48,Councillor George,"Those pesky rhynocs are back again, but I'm sure you'll soon sort them out.","Эти вредные носороги снова вернулись, но я уверен, что ты быстренько с ними управишься.",70,
477,100,4.27,Mayor Leo,"I'm sorry, that was the ugliest chicken I've ever seen.","Прости, это был самый гадкий цыпленок на свете.",71,
495,100,3.84,Citizen Horace,"Look, a chicken turned up. I hope it's not the only one left.","Гляди, одна курочка вернулась. Надеюсь, уцелела не только она.",72,
497,100,3.84,Citizen Horace,"Thanks for the help, but I think I would have worn him down in a minute.","Спасибо за помощь, но думаю, еще минута - и я бы его вынес.",73,
518,100,3.41,Councillor George,Are you a dragon? I never believed you really existed.,"Ты что, дракон? Вот уж не верил, что вы существуете.",74,
524,100,3.20,Councillor George,Would you like a chicken sandwich? They're very good.,Хочешь булочку с курятиной? Чудесная вкуснятина!,75,
531,100,2.99,Citizen Horace,Whoo I'm dizzy.,"О-ох, мне дурно.",76,
534,100,2.77,Hunter,"Go get 'em, Spyro!","Поймай их, Спайро!",77,
535,100,2.77,Hunter,"Well whenever you're ready, come and talk to me.","Как будешь готов, сообщи.",78,
540,100,2.77,Rapunzel,If you see Marco please tell him I've moved out.,"Если увидишь Марко, передай ему, что меня тут больше нет.",79,
1031,100,8.11,Hunter,"Caught all the lizards yet? If you're having trouble catching them, don't be afraid to use your flame breath while on the skateboard.","Все гоняешься за ящерками? Если трудно ловить, не бойся их поджаривать прямо со скейта.",80,
1053,100,6.83,Councillor George,Oh my! Oh my! Can you help us? Hordes of ferocious rhynocs have overrun our town and kidnapped the mayor.,"Караул! Беда! Может, ты нас спасёшь? Полчища озверевших носорогов набежали на наш город и захватили мэра!",81,
1094,100,5.12,Citizen Horace,Have you seen any of our giant chickens? The rhynocs have been trying to eat them all.,Ты огромных курочек нигде не видел? Носороги пытались их всех слопать.,82,
1099,100,4.91,Zoe,This rhynoc is too big to charge. You'll have to flame him using the { button.,"Здравствуй, Спайро! Этот носорог великоват для твоих рогов. Подожги его, нажав кнопку {.",83,
1125,100,4.05,Hunter,"Awww, too bad... maybe you'll do better this time. &Try difficult boarding challenge again? &Yes. &No.","Ой, отстой... Может, в этот раз получится? &Попробовать еще? &Да &Нет",84,
1132,100,3.84,Zoe,"Hi Spyro! Each time a fairy zaps you, like this…",И снова привет! Когда я делаю вот так…,85,
1153,100,3.20,Citizen Paulus,Let me catch my breath and I'll kick that other guy's butt.,"Сейчас я отдышусь, и сам наваляю тому негодяю!",86,
1170,100,2.56,Citizen Paulus,Have you seen any giant chickens around here?,А тебе тут не попадались огромные курочки?,87,
1172,100,2.56,Hunter,Are you ready for a challenge now? &Start boarding challenge now? &Yes. &No.,"Ну что, готов приступить? &Прыгнешь на скейт? &Да &Нет",88,
81,102,15.79,Moneybags,"Sorry, Spyro, it is my sworn duty to make certain no one crosses these bellows. And you know perfectly well that nothing could ever sway me from obeying my sworn duty... that is, ahem, until you have a few more gems. &[Activating bellows costs ^ gems.","Прости, Спайро, но это мой долг - стоять на страже мехов. И ты отлично знаешь: ничто и никогда не заставит меня от него отступиться! ... ну разве что, кхм, если бы у тебя было чуть-чуть побольше сверкающих камешков... &[Подкуп обойдётся в ^^^ камней.",89,
99,102,14.51,Moneybags,"Well, well, if it isn't my favorite dragon! The Sorceress has put me in charge of guarding these bellows. However, I suppose I might look the other way if I was distracted by counting gems. &Pay ^ gems to activate bellows? &Sure, whatever. &No way, you doofus.","Так-так, это же мой любимый дракон! Колдунья поставила меня охранять эти меха. Конечно, если я буду занят пересчётом камней, я могу, скажем, отвернуться... &Заплатишь ^^^ камней, чтобы запустить меха? &Да, конечно. &За кого ты меня держишь?",90,
168,102,11.31,Moneybags,"Oooooh yes... precious, precious gems... Well then, Spyro, you may now use the bellows any time you wish. Best of luck on your little egg hunt.","О-о-о да... мои прелестные, прелес-с-стные самоцве-е-еты... А, ну да, конечно, Спайро, можешь залезать на меха, когда пожелаешь. Удачи в охоте за яичками!",91,
251,102,8.53,Zoe,"The metal armor those enemies are wearing protects them from your dragon flame. If you hold down the > button, you can defeat them with your charge attack.","Этих врагов от твоего пламени защищает стальная броня. Ты с ними справишься, если протаранишь их с разбега, нажав >.",92,
276,102,7.89,Cumulus,"Now that's what I call a sun! Here, you can have this last sun seed as a souvenir. I think it might be a dud, though.","Вот это я называю солнцем! Да, можешь забрать оставшееся зернышко на память. Но, по-моему, оно никуда не годно.",93,
278,102,7.89,Zoe,"Remember, to get your longest glide press the < button at the very top of your jump, and use the } button to hover at the end of your jump.","Не забудь, чтобы лететь дальше, нажимай < в самом пике прыжка, а в конце полёта нажми }, чтобы подняться повыше.",94,
319,102,7.04,Stratus,"We usually wake up our rain cloud at the crack of dawn, but these mischievous spirits are stopping our bells from ringing. &[Use the superfly powerup to flame the spirits in the belltowers.","Обычно мы будим дождевое облако на рассвете, но эти проказливые духи мешают нашим колоколам звонить.&[Шагай через усилитель полёта и подпали духов в колокольных башнях.",95,
350,102,6.40,Cumulus,"If you can't keep up with the sun seed, remember you can always hold down the > button to charge. &[Press and hold > button to charge forward quickly.","Если ты не поспеваешь за солнышком, помни, что с кнопкой > можно бежать быстрее.&[Нажми и держи >, чтобы ускориться.",96,
367,102,5.97,Moneybags,Heh heh... I haven't made such easy money since the Sorceress bought that mayonaisse for sunscreen.,"Хе-хе... Я не получал деньги так легко с тех пор, как продал Колдунье майонез от загара.",97,
414,102,5.33,Cirrus,"If my wings were big and strong like yours, I could easily glide across here. &[Press < button to jump. &[Then press < button in midair to glide.","Были б мои крылышки большими и сильными, как твои, я бы запросто тут пролетел. &[Нажми < и подпрыгни. В прыжке нажми его снова, чтобы перелететь.",98,
452,102,4.69,Fluffy,"Oh, you activated the bellows? Maybe I can get the cloud generator working again…","О, ты запустил меха? Может, я снова смогу включить наш генератор облаков…",99,
469,102,4.48,Nimbus,"You'd think the Sorceress would want more rain, after what the sun has done to her skin.","Конечно, Колдунье хочется больше дождей, после того, что солнце сделало с её кожей.",100,
479,102,4.27,Fluffy,The rhynocs must have been using this thing to clog up the cloud generator.,"Похоже, этой штукой носороги заткнули наш генератор.",101,
525,102,3.20,Stratus,Do you want this doodad? It fell out of the belfry.,Тебе нужна эта безделушка? Она выпала из колокольни.,102,
1022,102,9.17,Moneybags,What? NO? What else are you going to do with all those gems? Buy flying lessons? (Heh heh) that was a good one…,"Что? НЕТ? Но что ты будешь делать с этими камнями? Заплатишь за уроки полётов? Хе-хе, хорошая шутка…",103,
1023,102,9.17,Cumulus,"Our sun has gone out. We can make a new one with our lava fusion cauldron and three sun seeds, but they keep burning out before we can get them in the pot.","Наше солнце угасло. Мы можем создать новое, сплавив три солнечных зернышка в котле лавосинтеза, но они сгорают прежде, чем мы их туда донесём.",104,
1096,102,5.12,Cumulus,Step on the switch to get a fresh sun seed and keep flaming it until you get it into the pot.,"Шагни на кнопку, чтобы сдвинуть солнышко, и подогревай его, пока оно не окажется в котле.",105,
1097,102,5.12,Nimbus,The rhynocs have shut down our cloud generator and I'll never see a rainbow again.,"Носороги заглушили наш генератор облаков, и теперь я никогда не увижу радугу.",106,
,104,,,Note: Sgt. Byrd is currently on an important mission... to the inside of a cage! Tough luck.\ -The Sorceress,Объявление: В настоящий момент Сержант Бёрд на важном задании... в клетке! Вот незадача. \ -Колдунья,107,
,104,,,"Step inside, old chum! -Sgt. James Byrd","Шагай сюда, старина! -Джеймс Бёрд",108,
,104,,,"Would love to visit, old chap, but I've got work to do back at the base. You can check in with me there. -Sgt. James Byrd","Хотел бы помочь, старина, но у меня много дел на базе. Загляни туда, как будет время. - Джеймс Бёрд",109,
87,104,15.36,Moneybags,"Spyro, you're just in time! I saw two egg thieves run through this door! Well... actually, they paid me to guard their hideout, but that's irrelevant. I'll happily let you through the gate to chase them down... for, ahem, a small finder's fee... &Pay ^ gems to enter the thieves' den? &Ok, ok... &Get lost, loser!","Спайро, ты как раз вовремя! На моих глазах два похитителя яиц прошмыгнули в эту дверь! Ну... вообще, они заплатили мне за охрану убежища, но это неважно. Я с радостью пропущу тебя туда, чтобы ты их поймал... за, хм, малюсенькую пошлину... &Заплатить ^^^ камней и войти в логово воров? &Ладно, конечно... &Сгинь, неудачник!",110,
98,104,14.51,Moneybags,"Well, Spyro, it's good to see you! This gate I'm guarding happens to be the secret entrance to an egg thief hideout... Of course, I can't let you enter with a clean conscience... At least not without paying a small fee. &[Entering thief hideout costs ^ gems.","Приятно видеть тебя, Спайро! Так уж вышло, что ворота, которые я охраняю - секретный вход в укрытие похитителей яиц... И я конечно же не могу впустить тебя туда с чистой совестью... Ну, пока ты мне не заплатишь. &[Войти в укрытие воров стоит ^^^ камней.",111,
126,104,12.80,Shale,I'm playing a game of hide and seek with my friends. If I can't find where they've hidden their heads they won't let me join the Tiki Lodge. Help me put them back together and I'll make you an honorary member.,"Я играю в прятки с моими друзьями. Если я не найду их головы, они не позволят мне присоединиться к вечеринке в Ложе. Помоги мне собрать их, и я сделаю тебя почётным участником.",112,
197,104,10.45,Moneybags,"Very well, Spyro, it's up to you... Maybe if we both just hold hands and think happy thoughts, the thieves will decide to return the eggs themselves.","Ну, Спайро, дело твое... Может, если мы просто сядем, взявшись за ручки, и подумаем о хорошем, то воры сами вернут яйца.",113,
228,104,8.96,Zoe,"Be sure to keep your friend Sparx the Dragonfly healthy Spyro. If his health is low, torch a little creature like this slug below me to release a butterfly.","Заботься о своём верном друге, Стрекозе Спарксе. Если его состояние плохое, поджарь какое-нибудь маленькое существо вроде этого слизняка и выпусти бабочку.",114,
277,104,7.89,Shale,"When you find a head, land on top of it to pick it up. Then fly it over to an idol body to put them back together.","Когда найдёшь голову, приземлись на неё, чтобы подобрать. Потом сбрось голову на тело идола.",115,
287,104,7.68,Shale,"When you've picked up a tiki head, fly over to any body and use the > button to drop the tiki head.","Когда подберёшь голову тики, подлети к любому телу и жми >, чтобы сбросить её.",116,
318,104,7.04,Stoney,Are you the dragon looking for all those eggs? Because I saw a shifty looking character with one over there.,"Ты - дракон, ищущий яйца? Просто я видел пару скользких парней с ними вон там.",117,
352,104,6.40,Clay,"Rhynocs are running rampant around here, but I can't get anyone out of the Tiki Lodge long enough to do anything about it.","Носороги здесь буянят, но я не могу позвать никого из Ложи на помощь, чтобы их прогнать.",118,
365,104,5.97,Clay,"Well, it looks like it's just you and me. I'll keep a look out while you sort out the rhynocs.","Ладно, видимо, здесь только мы двое. Я прикрою тыл, а ты разберись с носорогами.",119,
412,104,5.33,Moneybags,"Thank you, Spyro, and best of luck catching those dastardly egg thieves.","Спасибо, Спайро, и удачной охоты за подлыми воришками.",120,
451,104,4.69,Rocky,"Here, take this egg. They were giving them away at the Tiki Lodge last night.","Вот, возьми это яйцо. Прошлой ночью их раздавали в Ложе.",121,
481,104,4.05,Sgt. Byrd,"Hello Spyro, I'm just off to the Tiki Lodge for some R and R.",Здравия желаю! Меня как раз отправили в командировку в Тики-Ложу.,122,
517,104,3.41,Stoney,You should catch that thief before he steals something valuable.,"Поймай этого вора, пока он не стащил чего-нибудь ценного.",123,
560,104,2.13,Stoney,Those guys ought to be locked up.,Тем парням пора за решётку.,124,
1054,104,6.61,Stoney,"Hey, there goes another one. He was really fast...maybe if I activate the supercharge you'll be able to catch him.","Эй, вон ещё один. Он ну очень быстр... может, если я включу ускоритель, ты сможешь его поймать.",125,
1056,104,6.61,Moneybags,I guess those egg thieves are going to get what's coming to them... it's too bad... I always sort of liked those guys.,"Думаю, теперь грабители представляют, что же их ждёт… даже жалко… Мне всегда нравились такие ребята.",126,
1095,104,5.12,Shale,Take this egg as a sign of your honorary membership in the lodge.,Возьми это яйцо в качестве знака почётного участника вечеринки.,127,
1102,104,4.91,Shale,Well that's never happened before. I hope it's not a bad omen.,"Раньше такого никогда не было. Надеюсь, это не дурное знамение.",128,
,106,,,Come on in!\ -Sheila,Заходи!\ -Шейла,129,
,106,,,"Dear Dragon: If you're looking for that kangaroo, I'm afraid she's not available... EVER!\ -The Sorceress","Дорогой Дракоша: Если ищешь кенгуру - сожалею, она вне зоны доступа… НАВЕКИ! \ -Колдунья",130,
,106,,,I'm still back in my home world with my goat friends. Come on over if you like.\ -Sheila,"Я до сих пор помогаю моим рогатым друзьям. Зайди ко мне, если хочешь.\ -Шейла ",131,
90,106,15.15,Sebastian the Seal,"While I was gone, my friends borrowed the rhynocs' submarine... then they took it for a joy ride... and then they smashed it into a big pile of rocks. Oddly enough, the rhynocs failed to see the humor in the story and stuffed my friends in the jail behind you.","Пока меня не было, мои друзья стащили подлодку носорогов... ну, погоняли на ней... а потом врезались в здоровенный риф. Как ни странно, носороги не поняли юмора и запихнули бедолаг в клетку позади тебя.",132,
121,106,13.01,Smelt the Seal,"Bluto the rhynoc has challenged us to a naval battle. Our speed boat versus his nuclear shark submarine. If we win, we get the dragon egg he's guarding. If we lose, we have to spend a month in K.P.","Носорог Блуто вызвал нас на морской бой. Наша скоростная лодка против его ядерной подлодки-акулы. Если выиграем, он отдаст драконье яйцо, которое охраняет. Если проиграем, мы месяц будем в К.Р.",133,
133,106,12.59,Snappy the Seal,"Hi, Sheila! The rhynocs have built a fortress on our beach and we're going to blow it to smithereens! We just need you to take out all the turrets for us. We're lighting the bomb now, just make sure to stomp all those turrets before the fuse runs out, OK?","Привет, Шейла! Носороги построили крепость на нашем пляже, и мы собираемся разнести её на мелкие кусочки! Тебе лишь нужно разрушить пушки. Мы поджигаем бомбы, а ты разбей все пушки до того, как сгорит фитиль, ладно?",134,
221,106,9.39,Sheila,"Oh, hi, Spyro! Some of my seal friends are trying to take down a rhynoc fortress! I'm about to go and lend a foot... I love the smell of singed rhynoc in the morning!","О, привет, Спайро! Мои друзья пытаются разрушить носорожью крепость! Пойду-ка приложу к этому ноги... Люблю запах жареных носорогов по утрам!",135,
246,106,8.75,Smelt the Seal,Wow! That's the first time Bluto has ever lost! You've got a lot of talent for someone so purple... I hope this egg was worth all the trouble.,"Ого! Впервые в жизни Блуто проиграл! А ты весьма способный для… настолько пурпурного. Надеюсь, яйцо хоть стоило того.",136,
275,106,7.89,Sandy the Seal,"This egg has surprisingly good fluid dynamic characteristics. From now on, all of our submarines will be egg-shaped.","У этого яйца поразительно хорошая обтекаемость. Отныне, все наши подлодки будут в форме яиц.",137,
288,106,7.68,Sandy the Seal,The tunnel is chock full of rhynocs and floating mines. The only way to retrieve that egg is to defeat every single rhynoc in the tunnel.,В туннеле полно носорогов и плавучих мин. Достать яйцо можно только убрав оттуда всех носорогов.,138,
289,106,7.68,Snappy the Seal,Wow! I can't believe I survived that blast! It's a good thing I kept this egg nice and safe in my pocket.,"Ого! Поверить не могу, я пережил взрыв! Как хорошо, что это яйцо лежит целёхонько у меня в кармане.",139,
297,106,7.47,Stanley the Seal,My plan worked! That dumb octopus dropped the jail key while he was shaking me! Now I can free my friends…,"Сработало! Этот тупой осьминожка выронил ключ от клетки, пока пытался меня защекотать.",140,
314,106,7.04,Zoe,"If you want a quick summary of your progress in a world, you can press the @4SELECT@0 button to open the Atlas page for the world you are in. &[Press @0SELECT@4 button to view Atlas.","Если хочешь узнать о своих успехах, нажми @4SELECT@0,тогда откроется Атлас на странице мира, в котором ты находишься&[Открывай Атлас кнопкой @0SELECT@4.",141,
339,106,6.61,Smelt the Seal,"I don't blame you. I already owe seven years of kitchen duty, and I'm not about to risk getting another month!","Ладно, ты не виноват. Просто я в Кухонном Рабстве на семь лет вперёд, и получать ещё месяц мне ни к чему!",142,
366,106,5.97,Sigmund the Seal,I can't wait until the rhynocs build a new submarine! Next time it's my turn to drive!,"Жду не дождусь, когда же носороги построят новую подлодку! Чур, я буду за рулём!",143,
380,106,5.76,Sebastian the Seal,"The rhynocs have boarded up a lot of our doors, but I bet you're strong enough to smash them down. &[Use charge to smash boards.","Носороги заколотили добрую половину дверей, но я уверен, тебе хватит сил их разнести. &[Выбей доски с разбега.",144,
388,106,5.55,Zoe,You can Hover to get more distance when gliding. Just press the } button at the end of your glide. &[Press } button at the end of your glide to get more distance.,"Ты можешь взмахнуть крыльями, чтобы пролететь подальше. Просто нажми } в конце. &[Перед самым приземлением жми }, и попадёшь чуть дальше.",145,
399,106,5.55,Snappy the Seal,"Owww... That really smarts... No problem though, we've got more bombs!!!","А-а-ай... КАКАЯ БОООЛЬ! Ну ничего, у нас ещё полно бомб!!!",146,
413,106,5.33,Sal the Seal,Driving that submarine was a blast! Next time we're going to borrow the rhynocs' speed boat! ,Гонять на подлодке - просто бомба! В следующий раз возьмём у них скоростной катер!,147,
480,106,4.27,Snappy the Seal,No problem. We'll be playing hot potato with this bomb until you come back.,"Без проблем, мы поиграем в ""горячую картошку"" с бомбой, пока ты не вернёшься.",148,
516,106,3.41,Snappy the Seal,Yippee! I'll light the fuse on the next bomb! &[Stomp all turrets before bomb explodes.,"Иииии! Я подожгу фитиль новой бомбы! &[Разбей все пушки, пока бомба не взорвалась.",149,
550,106,2.35,Snappy the Seal,Ready to try stomping the turrets again? &Try again? &Yes &No,Попробуешь снова разрушить башни с пушками? &Ещё попытку? &Да &Нет,150,
567,106,1.71,Slappy the Seal,"Stay and get a tan, if you like.","Позагорай, если хочешь.",151,
1004,106,13.23,Sandy the Seal,"We had a dragon egg for you, but we used it to test our ultra-high-speed-super-fluidity tunnel. The good news is that it made it to the end of the tunnel without a scratch! The bad news is that there's no way to get it back out now.","У нас было драконье яйцо для тебя, но мы протестировали им наш супер-высокоскоростной-ультра-жидкостной тоннель. Хорошая новость - яйцо добралось до конца туннеля без единой царапинки! Плохая - мы не можем его оттуда достать.",152,
1055,106,6.61,Stu the Seal,We never would have crashed that submarine if Sal hadn't tried that hand-brake u-turn during an inverted barrel roll.,"Мы бы и не разбили подлодку, если бы Сэл не решил проверить ручной тормоз, когда мы делали ""бочку"".",153,
1111,106,4.69,Sandy the Seal,You'll have to defeat every single rhynoc in the tunnel before you can recapture the egg.,"Нужно избавиться от носорогов в туннеле, только тогда можно вытащить яйцо.",154,
1112,106,4.69,Stanley the Seal,"Oh, I forgot to tell you... one of the rhynocs had this egg in his lunch box…","О, вылетело из головы. Мне попалось это яйцо в тарелке у одного носорога.",155,
1130,106,4.05,Smelt the Seal,"OK, good luck! Just remember, stay away from the sharp end! &[Press the < button to speed up. &[Press the { Button to fire a missile. &[Pick up crates to get more missiles.","Да, покажи ему, где раки зимуют! И держись подальше от акульей морды! &[Жми < для ускорения. &[Нажимай { для запуска ракеты. &[ Подбирай ящики с ракетами.",156,
1171,106,2.56,Smelt the Seal,"Whaddya say, do you want to take on Bluto? &Fight the nuclear shark sub? &Yeehah! &You gotta be kidding.","Ну чё как, хочешь всыпать Блуто? &Сразишься с ядерной подлодкой? &Дааа! &Шутишь, что ли?",157,
1179,106,2.13,Sandy the Seal,Our beach is your beach.,Наш пляж - твой пляж.,158,
,108,,,"Attention dragon: if you ever want to see your mangy cat friend again, you had better leave here at once!\ -The Sorceress","Внимание дракон: если ты хочешь еще хоть когда-нибудь увидать своего дружка паршивого кота, то лучше сразу иди отсюда!\ -Колдунья",159,
91,108,14.93,Sparx,"Now that you've completed the challenge, you could go for your best time. Try cutting corners and charging for extra speed. Also, remember that completing the challenge in order may not be the fastest way, try experimenting.","Сейчас, когда ты уже прошёл испытание, можешь посоревноваться во времени. Попробуй срезать углы и бежать для большей скорости. Также вспомни, что прохождение испытаний по порядку может быть не так быстро, экспериментируй.",160,
105,108,14.29,Sparx,"You won't win the race without using the blue turbo stars. Try to use as many as possible, even if it means leaving the red dots, but remember to fly though the rings or you'll be disqualified. &[Use the blue turbo stars. &[Fly through all green rings","Ты не выиграешь без применения синих звёзд скорости. Попробуй пролететь через столько звезд, сколько сможешь, даже если это означает сойти с пути, но не забудь пролетать через кольца, или же тебя дисквалифицируют. &[Используй синие звёзды скорости. &[Пролети через все зелёные кольца",161,
144,108,11.95,Sparx,"Here's a hint. Try completing each challenge in order. Start with the rings, then get all the dandelions, the spiders, and save the butterflies for last. It's not the fastest way, but it is the easiest.","Даю тебе подсказку. Лучше проходить все испытания по очереди. Начни с колец, потом сбей все одуванчики, всех пауков, и в конце спаси бабочек. Это не самый быстрый способ, но он легче всего.",162,
165,108,11.31,Sparx,"Hey Spyro, you don't have to follow the red dots exactly... you can take short cuts between rings. Heres an extra hint, if you fly lower you'll get a little more speed. &[Cut corners between the green rings. &[Flying lower gives you extra speed.","Эй, Спайро, тебе не нужно следовать по точкам в точности... можно срезать путь между кольцами. Дам еще подсказку, если ты полетишь ниже, это добавит тебе скорости. &[Срезай углы между зелёными кольцами. &[Полет ниже добавляет скорости.",163,
415,108,5.33,Sparx,The insects were so impressed with your flying skills they awarded you this egg.,"Ты так поразил насекомых своим полетом, что они наградили тебя вот этим яйцом.",164,
476,108,4.27,Hunter,Looks like I'll have to hop in my plane and teach 'em some manners! &Shoot down sheep UFOs? &Go for it! &Looks too dangerous…,Придется мне сесть в самолет и поучить их хорошим манерам! &Мне посбивать летающие тарелки? &Дуй за ними! &Пахнет жареным…,165,
494,108,3.84,Hunter,"Yeah, when sheep go hi-tech, you gotta watch out!","Да уж, стоит остерегаться продвинутых на всю голову овечек.",166,
549,108,2.35,Hunter,"Look out sheep, here I come! &[{ button to fire. &[< or > button for turbo.","Держитесь, овечки, я иду! &[Нажми {, чтобы стрелять. &[Кнопка < или > - ускорение.",167,
553,108,2.35,Sparx,Wow! You won first prize.,Вау! Ты выиграл главный приз.,168,
559,108,2.13,Sparx,"Alright, we'll try again later.","Хорошо, мы попробуем позже.",169,
1012,108,10.24,Sparx,Hi Spyro! There are 2 flying challenges available here in Mushroom Speedway. You can either try Time Attack or Race the Butterflies.,"Здесь, в Грибном Спидвее, есть 2 соревнования. Ты можешь попробовать обогнать бабочек или гонку на время.",170,
1021,108,9.17,Sparx,"Ok, you're going to race the butterflies. You have to fly through ALL of the green checkpoint rings in order. The red dots will lead the way. &[Fly through all green rings &[Use the red dots to guide you.",Сейчас ты будешь соревноваться с бабочками. Тебе нужно пролететь сквозь ВСЕ зеленые кольца по порядку. Красные точки помогут тебе сориентироваться. &[Пролети через все зеленые кольца &[Ориентируйся по красным точкам.,171,
1052,108,6.83,Hunter,Whoooa! A bunch of sheep in flying saucers just came out of nowhere and started blasting up the race course!,Что зааа! Кучка овечек в летающих тарелках появилась прям из ниоткуда и стала тут все разносить!,172,
1101,108,4.91,Hunter,"Wooohooooo! Check it out, the squad leader had abducted this egg!","Яяяхууу! Глянь-ка, главарь их шайки хотел присвоить это яйцо!",173,
1191,108,1.92,Sparx,Which challenge would you like to play? &Choose a challenge: &Time Attack &Race the Butterflies &Exit level,Какое испытание ты предпочитаешь? &Выбери испытание: &Гонка на время &Перегони бабочек &Выйти,174,
45,110,20.69,Billy the Mountain Goat,"Those rhynocs have taken over! There'll be no stopping them unless we can smash their huts. Their huts are too big to smash with your kick attack, though. Try using your Stomp attack to smash them instead. I'll confuse them with taunting, while you stomp the huts, OK?","Носороги кишмя кишат! Нам их не остановить, пока не разрушены их хижины. Но они чересчур большие, просто так не развалятся. Так что попробуй эти домики растоптать. А я подразню носорогов, пока ты будешь разносить их жилище в щепочки, идет?",175,
132,110,12.59,Billy the Mountain Goat,"You can get up really steep cliffs like this one with your double-jump. Press the < button to jump, then press it again exactly when you hit the ground to do the double-jump. Once you've mastered it, you can go anywhere you want! &[Jump again exactly when you land to double-jump","С помощью двойного прыжка ты можешь взбираться на такие вот высоченные утесы. Нажми <, чтобы прыгнуть, а как только коснёшься земли, нажми его снова. Если научишься, ты можешь попасть куда захочешь! &[Прыгни снова, как только коснёшься земли, чтобы забраться выше.",176,
186,110,10.67,Billy the Mountain Goat,"Hiya Sheila! While you were gone, a bunch of rhynocs kicked us out of our houses. It's OK though... Bobby, Pete and I are working on a clever plan to take them back.","Халлё, Шейла! Пока тебя не было, банда носорогов выставила нас из дома. Ну ничего... Мы с Бобби и Петей продумываем хитрый план, чтобы отвоевать наши домики.",177,
238,110,8.96,Billy the Mountain Goat,"Last time we tried to get past this moose, he knocked Billy clean through a wall. If you don't mind, we'll just hang out here while you give him a good kicking.","В прошлый раз, как мы хотели пробраться мимо этого лося, он вбил Билли в стену. Ничего, если мы постоим туточки, пока ты поучишь его хорошим манерам?",178,
239,110,8.75,Billy the Mountain Goat,"Hey, Sheila, let's play a joke! Take this egg and smash it on Billy's house, OK? I need to get him back for the last time he butted me off the cliff.","Эй, Шейла, давай-ка пошутим! Возьми яйцо и разбей об домик Билли, ладно? Хочу поквитаться с ним за то, что он спихнул меня с обрыва.",179,
295,110,7.47,Billy the Mountain Goat,"Follow Bobby and Pete up there using your air-hop! It's easy, just press the < button again at the top of your jump. &[Press < at the top of your jump to air-hop.","Забирайся вверх за Петей и Коззи с помощью воздушного скачка! Это несложно, просто повторно нажми < в прыжке. &[Нажми < в прыжке, чтобы забраться выше.",180,
329,110,6.61,Sheila,"Thanks again, Spyro! Now I have to find out what that nasty Sorceress has done to my home while I was locked up.","Спасибо ещё раз, Спайро! Теперь пора узнать, что эта мерзкая Колдунья сделала с моим домом, пока я была под замком.",181,
386,110,5.55,Zoe,"If you ever forget how to control a character or vehicle, just go to the Pause Menu and select 'Help'.","Помни, куда бы тебя не занесло - ты всегда можешь почитать про управление в пункте «помощь» меню паузы.",182,
417,110,5.12,Sheila,"I'd better go check on those billy goats again. Last time I left them alone, they ate all the shingles off the roof.","Пойду проведаю козлят, а то весь шифер с крыш съедят. Говорят, такой он вкусный, словно лист жуёшь капустный.",183,
418,110,5.12,Sheila,"Whew, that was fun! I tell you, Spyro, kicking rhynoc butt just never gets old! &Leave the level? &Yes &No","Ух, это было весело! Скажу тебе, Спайро, надирать носорожий зад никогда не надоест! &Покинешь уровень? &Да &Нет",184,
430,110,4.91,Billy the Mountain Goat,"You remember how to stomp, doncha? Just jump, then press the } button in the air. &[To stomp, jump then press }.","Ты помнишь, как растаптывать, агась? Просто прыгни и в воздухе нажми кнопку }. &[Для растаптывания, прыгни и нажми }.",185,
467,110,4.48,Billy the Mountain Goat,"Thanks for the help, Sheila! You can have this egg I found in my house.","Спасибо за помощь, Шейла! На, держи яйцо, оно очутилось в моем доме.",186,
511,110,3.63,Billy the Mountain Goat,"Don't worry, I'll just keep kicking this rock until it breaks.","Ничего, я поколочу эту каменюку, пока она не треснет.",187,
532,110,2.77,Sheila,I'll be back as soon as I get all three billy goats home.,"Я вернусь, как только все козлики окажутся в своих домах.",188,
533,110,2.77,Sheila,"Goodbye, Spyro, I'm sure I'll see you around!","До свиданья, Спайро, мы ещё увидимся!",189,
541,110,2.56,Sheila,I still haven't finished getting all the billy goats home yet... &Level not finished... &Do you really want to leave? &Yes &No,Я пока не отвела всех трёх козликов по домам... &Уровень не завершён... &Ты точно хочешь уйти? &Да &Нет,190,
1029,110,8.53,Billy the Mountain Goat,You see that rhynoc guy up ahead? He's still mad at us for hanging his underpants on top of this tree. We'll just wait over here while you give him a swift kick. &[Press > or { to kick enemies.,"Вон, видишь носорога? Он все ещё бесится, что мы повесили его трусы на верхушку дерева. Пни его хорошенько, а мы пока тут подождём. &[Нажми > или { для удара.",191,
1036,110,7.68,Billy the Mountain Goat,"I think my taunting is wearing them down! Remember, just jump and press the triangle button to stomp those huts. &[Smash the huts with your stomp move. &[Eliminate all the blue enemies.","Кажется, мое улюлюканье их доканывает! Запомни, просто прыгни и нажми треугольник, чтобы разрушить хижину. &[Растопчи хижины. &[Уничтожь всех синих носорогов.",192,
1073,110,5.55,Billy the Mountain Goat,"Ahh, home at last! Here, I was saving this to make an omelet, but I think you deserve it more.","Дом, милый дом! Вот, я приберёг это яйцо на омлет, но по-моему, ты его больше заслужила.",193,
1098,110,5.12,Billy the Mountain Goat,"This next guy is a wuss! You go ahead and take him out, we'll get your back!","Вон тот парень - слабак! Иди вперёд и вышвырни его оттуда, а мы прикроем!",194,
1142,110,3.41,Sheila,"Well, I'm off to clean up the mess those rhynocs left behind.","Пойду-ка разгребу тот бардак, что учинили носороги. ",195,
496,112,3.84,Sheila,"If you can charge toad boy into the lava, I think I can finish him off.","Если ты столкнешь лягушонка в лаву, думаю, я смогу с ним расправиться.",196,
250,112,8.53,Sheila,"When I heard the Sorceress was planning to ambush you, I got here as fast as I could. No worries, though. This wussy green toad will be no match for the two of us!","Как только я услышала, что Колдунья подготовила засаду для тебя, я примчалась сюда так быстро, как только могла. Не беспокойся, вместе мы легко победим эту склизкую зелёную лягушку!",197,
50,114,19.63,Zoe,"Are you paying attention Sparx? I told you to use slide to target those crawdads. If you don't learn how to use all your skills you'll never survive the challenges that lie ahead, and Spyro would never forgive me for that. Use the @4L1@0 or @4R1@0 button, then move with the analog stick or directional button.","Ты меня слушаешь, Спаркс? Я говорила тебе, чтобы ты скользил, когда выйдешь против этих раков. Если ты не научишься применять все свои способности, ты просто не выживешь здесь, и Спайро меня за это никогда не простит! Жми кнопку @4L1@0 или @4R1@0, потом двигайся с помощью стрелок джойстика.",198,
58,114,18.35,Zoe,"On your travels you'll notice butterflies that give you health, just like in the Dragon Worlds. Not only that but some butterflies will give you special powers, though only for a short time. Just eat any powerup butterfly and then press the < button to use that powerup. Your powerup is shown in the top right of the screen.","Полетав здесь, ты обязательно заметишь бабочек, восстанавливающих здоровье, как и в Драконьих Мирах. А кроме них, тут есть бабочки, наделяющие особыми силами, но лишь на короткое время. Просто съешь такую бабочку и нажми <, чтобы испытать свои новые умения. Способности показываются в правом верхнем углу экрана.",199,
76,114,16.43,Zoe,"Now for the hard part. Being a maneuverable dragonfly, you can also slide in any direction. To slide, hold down the @4L1@0 or @4R1@0 button, then move with the analog stick or directional button. Try sliding up and down to hit the targets in this room.","А вот теперь переходим к сложному. Раз ты все-таки стрекоза, ты маневреннее остальных и можешь скользить в любом направлении. Для этого держи кнопку @4L1@0 или @4R1@0, потом двигайся с помощью стрелок. Попробуй скользить, чтобы поразить все цели.",200,
173,114,11.09,Zoe,You'll be able to deal with these guys much faster if you use the powerup. Just eat any powerup butterfly and then press the < button to use that powerup. Your powerup is shown in the top right of the screen.,"С помощью полученных сил можно расправляться с врагами гораздо быстрее. Просто съешь любую волшебную бабочку и нажми <, чтобы применить умение.",201,
174,114,11.09,Zoe,"Hello Sparx, maybe before you take on the nasty crawdads I should give you some help. To start let's practice shooting. Press the { button to shoot these targets.","Привет, Спаркс. Давай, я научу тебя, как можно покончить с этими мерзкими раками. Для начала потренируемся в стрельбе. Выстрели вон в те цели, нажав кнопку {.",202,
225,114,9.39,Zoe,"You can also move quickly by charging, like Spyro. To charge, hold down the > button. Use your charge to chase down this fast enemy.","Ты можешь мчаться так же быстро, как и Спайро. Для этого держи кнопку >. Ускорься, чтобы догнать вон того шустрого врага.",203,
271,114,8.11,Zoe,"That looked like it hurt, maybe you should have tried to shoot them like I told you. Just press the { button to shoot the targets.","Больно, наверное. Может ты лучше попробуешь стрелять по ним, следуя моему совету?",204,
382,114,5.76,Zoe,"Looks like you're ready Sparx. If you need any more help, just choose the HELP option from the Pause Menu.","Кажется, теперь ты готов, Спаркс. Если понадобится помощь - поищи её в меню.",205,
,116,,,"Spyro, I've got a special task for Sparx. Meet me back here later! -Zoe","Спайро, у меня особое поручение для Спаркса. Встретимся здесь позже! -Зоя",206,
53,116,19.41,Bianca,"Okay, dragon, you've managed to survive longer than I expected... but you haven't the slightest idea what sort of dangers lie ahead of you! I suggest you grab your cat friend and whatever eggs you have found and high-tail it back home while you still can... I'm telling you this for your own good, you know…","Ладно, дракоша, тебе удалось прожить дольше, чем я ожидала... но ты совершенно не представляешь, какие ещё опасности тебя подстерегают! Лучше забирай своего дружка и те яйца, которые тебе всё-таки посчастливилось найти - и удирай с ними домой, пока можешь... Я ведь советую это для твоего же блага…",207,
83,116,15.57,Moneybags,"Ahh, my good friend Spyro. The Sorceress caught this naughty bird letting off rockets in her fireworks factory, but I'm willing to release him into your custody... provided you pay his outstanding fines. &Pay ^ gems to free the penguin? &Of course. &Forget about it.","О, мой милый друг Спайро. Колдунья схватила этого гаденького птенчика, пока он обстреливал ракетами фабрику фейерверков. Я не прочь выпустить его под твою ответственность... если ты возместишь материальный ущерб... &Освободишь пингвина за ^^^ камней? &Разумеется. &Забудь об этом.",208,
111,116,13.87,Zoe,Hi Spyro. This is a superflame powerup. You'll find more just like it scattered throughout all the worlds. Why don't you try this one out by using it to break all these planters. I think I saw a rhynoc hide an egg in one of them.,"Привет, Спайро. Это - усилитель огненного дыхания. Тебе могут встретиться такие, разбросанные по всем мирам. Почему бы не опробовать его на вон тех вазонах с цветами? Кажется я видела, как носорог спрятал яйцо в одном из них.",209,
117,116,13.44,Zoe,"Excellent work Sparx, and I see that you've gained another new ability. Now if you hold down the @4L1,L2, R1 and R2@0 buttons at the same time, Sparx will point to any treasure still hanging around.","Отличная работа, Спаркс! Я вижу, ты получил ещё одну способность. Теперь, если нажать @4L1,L2, R1 и R2@0 одновременно, Спаркс покажет на любой драгоценный камень, который ты ещё не подобрал.",210,
151,116,11.52,Moneybags,"Heh heh... what a sucker... err, that is... It's a far, far better thing you do today, Spyro, than you have ever done, and... err... well so forth, et cetera, you get the idea…","Хе-хе... вот же лопух... эмм, в смысле… Это самое, самое лучшее, что ты сделал сегодня, Спайро, лучшее из того, что ты когда-либо делал... эмм... и т.д. и т.п... ну, в общем, ты понял…",211,
259,116,8.32,Hunter,"Hey, Spyro! Zoe told me that if we hit that doodad up there, the portal will open. Why don't you try spitting this rock at it?","Зоя мне сказала, что если мы шарахнем по вон той мишени, то включится портал. Может пульнёшь в нее камешком, а?",212,
303,116,7.25,Moneybags,"Oh dear Spyro, you really should pay up. I think he's pining for the fjords.","О, мой милый друг Спайро, ты просто должен заплатить. Думаю, он чахнет по фьордам…",213,
304,116,7.25,Shiny,"Just hop on, Spyro.\ The sky shall be your domain.\ New worlds await you!","Лишь прыжок, Спайро,\ Меж тобой и мирами!\ Небеса близко.",214,
306,116,7.25,Zoe,"I wouldn't want to go back in there with all those creepy spiders...but if Sparx wants to check out Spider Town again, it's fine with me. &Return to Spider Town bonus world? &Yes. &No.","Мне бы не хотелось возвращаться к этим жутким созданиям, но если Спаркс желает вновь наведаться в Город пауков, я проведу его туда.",215,
309,116,7.25,Zoe,"Hi Spyro and Sparx... I've found another lost egg! If Sparx is up to it, he can try to rescue it from Spider Town. &Enter Spider Town bonus world? &Yes. &No.","Привет, Спайро и Спаркс... Я отыскала ещё одно украденное яйцо! Спаркс мог бы достать его из Города Пауков, если он готов &Войдёшь в Город Пауков? &Да. &Нет.",216,
332,116,6.61,Moneybags,"Get away from me dragon, you've got no money! Come back when you find some gems... &[^ gems needed to free critter","Убирайся, дракон, у тебя нет ни гроша! Приходи, как наскребешь хоть немного самоцветов... &[Свобода пингвина обойдется в ^^^ камней",217,
342,116,6.40,Hunter,"When you see a ladder, or walls that look climbable, just jump onto it and you'll grab it with your claws.","Когда встретишь лестницу или стену, на которую можно вскарабкаться - просто запрыгни на неё, и ты уцепишься когтями.",218,
343,116,6.40,Doug,"If you can bring back one person from each of our five worlds, we can help you use the whirligig.","Кабы тут был народ из всех миров, мы б подсобили тебе с этим ветролётом.",219,
358,116,6.19,Shiny,"Follow me, Spyro.\ The whirligig awaits you.\ The sky shall be yours!","Спайро, идём к нам:\ Ветролёт готов и ждёт -\ Покори небо!",220,
489,116,4.05,Sing Sing,"We've finished repairing the whirligig, but we need more help to operate it.","Мы восстановили этот летающий механизм, но лишь другие мастера смогут поднять его в небеса.",221,
490,116,4.05,Sgt. Byrd,I've assessed the situation. We need five men to operate the whirligig.,"Я оценил обстановку. Нам нужно пять ребят, чтобы завершить сборку этой вертушки.",222,
545,116,2.35,Sing Sing,Let's head on over to the whirligig.,"Ступайте к ветролёту, Спайро.",223,
563,116,1.71,Hunter,I'll see ya in there later.,"Ну чё, до скорого!",224,
1047,116,7.04,Shiny,You need five people\ To help with the whirligig.\ Find one in each world.,"Найди пятерых\ На разных землях, чтобы\ Собрать ветролёт.",225,
1118,116,4.27,Hunter,"When you've picked up a rock, try using the } button to aim.",Как подберешь камень - целься кнопкой }.,226,
1119,116,4.27,Jasper,With guys from the five worlds we can work the whirligig.,Впятером мы бы запустили этот ветролёт.,227,
1134,116,3.84,Doug,The whirligig is ready to take you far way. Just jump aboard.,Ветролёт готов доставить тебя в неведомые дали. Давай залазь.,228,
1147,116,3.20,Jasper,"Hey now, let's head on over to the whirligig.","Пойдём, Спайро, вертолёт готов к отправке.",229,
1158,116,2.99,Sing Sing,You can use the whirligig whenever you are ready.,"Вы можете лететь на ветролёте, когда изволите.",230,
1159,116,2.99,Sgt. Byrd,All systems checked out A-OK. Jump aboard.,Все системы функционируют нормально. Скорее на борт.,231,
1167,116,2.56,Sgt. Byrd,Quick march Spyro. We're off to the whirligig.,"Шагом марш, Спайро! Мы направляемся к ветролёту.",232,
1178,116,2.35,Doug,Let's head on over to the whirligig.,"Потопали к ветролёту, Спайро.",233,
1194,116,1.07,Jasper,Hop aboard.,Запрыгивай.,234,
64,118,17.49,Nancy,"Tonight is my big ice dance performance, and these hockey players are ruining it! Every time I start my routine, they come in and smack me with their sticks. Oh, I sure wish I had a partner... someone courageous and strong and handsome and... purple... who breathes fire…","Сегодня у меня большое танцевальное представление, а эти хоккеисты всё портят! Каждый раз, когда я начинаю, они выходят и лупят меня своими клюшками. Ах, как бы я хотела себе партнёра... такого храброго, сильного, красивого и... такого фиолетового и... огнедышащего…",235,
78,118,16.21,Moneybags,"Just between you and me, Spyro, I'd love to let you into the ice dancing competition for free. Really, I would. Unfortunately, however, the upkeep on my zamboni is costing a fortune, so I'll have to ask you to find more gems before I let you in. &[Admission costs ^ gems.","Между нами, Спайро. Я бы с радостью пустил тебя и так. Нет, честно. Но понимаешь ли, каток еще нужно на что-то содержать - все это выливается в кругленькую сумму. Так что я вынужден тебя попросить найти чуть больше деньжат для того, чтобы я тебя впустил. &[Вход стоит ^^^ камней.",236,
152,118,11.52,Moneybags,"Step right up, Spyro. Behind this door is the single greatest show on earth! That's right! Ice dancing! Season tickets are available, but you'll have to act fast. &Pay ^ gems to enter ice rink? &Sure, it's only money. &Take off, hoser!","Не проходи мимо, Спайро! За этой дверью кроется самое великолепное шоу на земле! Да-да! Фигурное катание! Билеты пока что есть, но смотри, не прозевай!&Заплатишь ^^^ камней за вход? &Уж куда деваться... &Вот еще, спекулянт!",237,
191,118,10.45,Nancy,Uh...that's OK. I don't mind getting beaten to a pulp over and over by a bunch of vicious hockey players. I'm sure you have more important things to do anyway.,"Ну... и ладно. Подумаешь, банда грязных хоккеистов будет меня бить и бить, как подушку. Уверена, у тебя есть гораздо более важные дела, чем защищать слабых.",238,
212,118,9.81,Doug,"Heh heh... I put up ice blocks this morning so Bob wouldn't beat me to the ice fishing hole... If you want to try out the hole, you can borrow this fishing lure I've been using.","Хе-хе… Утром я навалил ледяных глыб, чтобы Боб не притопал на рыбалку раньше меня, а то еще выловит тут всю рыбу. Ежели хочешь сам порыбачить, могу дать тебе вот такую вот приманку.",239,
213,118,9.81,Nancy,"We did it! That was my best performance ever! I guess one of the judges didn't like it, though. He threw this egg at me instead of a rose. Why don't you have it.","Ура! Да это же моё самое успешное выступление! Хотя кому-то из жюри оно пришлось не по душе. Вместо розы он кинул в меня яйцо. Возьми его, что ли. ",240,
272,118,7.89,Nancy,Will you please help me perform my ice dance? These mean rhynoc hockey players keep hogging the ice and all I want to do is dance. &Protect dancer from evil hockey players? &Yes. &No.,"Ты ведь мне поможешь исполнить танец, да? Эти противные носороги вечно тут хозяйничают, а мне так хочется танцевать… &Защитишь бедную девушку от хамов с клюшками? &Да. &Я не джентльмен.",241,
305,118,7.25,Moneybags,"I always knew you were a cultured sort of dragon. Well, step right in, the show's about to start.","Я всегда знал, что такого интеллигентного дракончика ещё подыскать надо. Ну, ступай же! Шоу вот-вот начнётся!",242,
311,118,7.25,Bob,"This place is getting too dangerous. If Doug wants to go ice fishing, he'll have to haul his lazy butt down here!","Чегой-то мне тут совсем не нравится. Если Дуг всё ещё хочет рыбачить, пусть тащит сюда свой ленивый зад сам!",243,
323,118,6.83,Moneybags,"What? You don't want to pay? What are you saving your money for, another sequel?",Как? Ты не хочешь заплатить?! Ради чего ты деньги копишь? На четвёртый диск?,244,
334,118,6.61,Bob,"I was supposed to meet Doug to go ice fishing today... but rhynocs have blocked the path with ice, so I can't get through.","Сегодня я хотел с Дугом рыбку половить, но эти гады носороги загородили путь льдинами, так что плакала моя рыбалка.",245,
443,118,4.69,Doug,"Oh, by the way, feel free to use our gondola whenever you want.","И кстати, катайся по нашей канатной дороге, сколько душа пожелает.",246,
483,118,4.05 ,Bob,"Ohhh... you shot the ice block, eh? Must be beginner's luck.","Ого… Прострелил? Ну что ж, молодец! Новичкам везёт…",247,
484,118,4.05,Nancy,"That's OK, it didn't hurt as much as it looked. Let's try again! &Try again? &Yes. &No.","Ничего, это было не так больно, как тебе показалось. &Попробуешь снова? &Да. &Нет.",248,
491,118,4.05,Moneybags,I have to hurry in myself. I'm one of the judges for tonight's performance.,Мне самому надо спешить. Я - один из жюри сегодняшнего представления.,249,
506,118,3.63,Nancy,Maybe you can be my ice dancing partner in the next Olympics!,А будешь моим партнёром на следующих олимпийских играх?,250,
514,118,3.41,Nancy,Fine. I'll just wait for some other dragon to come along.,Ладно уж. Я подожду какого-нибудь другого дракона.,251,
564,118,1.71,Nancy,Thanks! Let's go!,Спасибочки!,252,
565,118,1.71,Nancy,Do you want to try again? &Try again? &Yes. &No.,Может еще разик? &Попробуешь ещё? &Да. &Нет. ,253,
1041,118,7.47,Bob,"You can hop on the cannon and try shooting the ice block if you want to, but I'm warning you, it's a lot harder than it looks!","Если хочешь, и ты можешь попробовать пострелять, но скажу тебе одно: это очень утомительно!",254,
1046,118,7.04,Bob,"I've been trying to clear the way with this cannon, but it doesn't even shoot straight. I haven't been able to hit a dang thing all morning.","Я тут пытался расчистить себе дорогу, стреляя по льдинам из пушки, но она косит! Целое утро проторчал с этой штуковиной, и всё без толку.",255,
,120,,,"Attention: This hut, and that measly penguin, are declared OFF LIMITS.\ -The Sorceress",Внимание: Посторонним вход в хижину к этому жалкому пингвинёнку строго воспрещён!\ -Колдунья ,256,
,120,,,"I've got your slow-witted furball friend in a cage, and you're going to be next! -The Sorceress","Твой тугодум-дружок шерстяной комок уже в моей клетке, а ты на очереди! -Колдунья ",257,
,120,,,"I appreciate you're stopping by, Spyro, but I'm still busy training hummingbirds. Meet me at my home base. -Sgt. James Byrd","Я не против, чтобы ты зашёл, Спайро, но я всё ещё тренирую колибри. Встретимся у меня на базе.\ -Сержант Джеймс Бёрд",258,
,120,,,"Step inside, old chum! -Sgt. James Byrd","Шагай сюда, старина! -Джеймс Бёрд",259,
41,120,21.76,Hunter,"Wow, you learn really fast! Then again, you are being trained by a master boarder... Speaking of which, I was just practicing a nearly impossible new move that I call the 'Gnasty Gnorc'. I had almost pulled it off when I suddenly ran smack into this dragon egg and wiped out! OK, I made that up, but you can have this egg…","Ого, ну ты схватываешь всё прям на лету! Хотя да, ты же учишься у настоящего мастера… Кстати обо мне, я тут практиковал новый, почти нереальный трюк под названием «Гнасти Гнорк». У меня почти получилось, как вдруг я врезался в драконье яйцо и улетел вверх тормашками! Ну ладно, это я, конечно, маленько придумал, но яичко ты можешь оставить себе. ",260,
46,120,20.48,Mowat,"I was playing catch with my pet wolf, Farley, but I accidentally threw his ball down this hole and he went in after it. Now he's stuck down there. I feel so helpless... sitting up here... listening to his steadily softening whimpers... don't cry, wolf... never cry, wolf…","Я играл со своим волчонком Фарлем в мяч, но его я случайно закинул в эту дыру, а Фарль побежал за ним. Он теперь не может выбраться, бедненький. Я чувствую себя таким беспомощным, сидя вот здесь... слушая его волчий хныкающий вой... Не вой, волчонок... луны-то не видно…",261,
57,120,18.35,Ooga,"Spyro! Are you on vacation too? I was having a lovely time with my friend until the lava toads stole all his bones again. I'd ask you to help, but some of the toads are hiding at the top of the tallest towers and I don't think you can fly that high.","Спайро! Ты тоже на отдыхе? Я классно оттягивался с моим дружбаном, пока лавовые жабы не растащили все его кости. Конечно я попросил бы тебя о помощи, но ведь они спрятались так высоко на башнях, что ты вряд ли сумеешь до них добраться.",262,
65,120,16.85,Hunter,"I can't believe it! How did you get so good already? Who knows, someday you might even break my course record. Naw. Anyway, I guess I should give you this other egg I found. I was going to keep it for a pet, but I can't get it to hatch.","Глазам не верю! Как ты так быстро всему научился? Кто знает, может когда-нибудь ты даже побьёшь мой здешний рекорд. Да нее… Короче, отдам-ка тебе это яйцо. Я хотел вывести себе питомца, но из меня никудышная наседка.",263,
79,120,16.21,Jasper,"I'm almost ready to reveal my latest piece of real-time, four-dimensional performance art! I call it 'Hideous Exploding Witch, Number 9'. Now, if you can just light the three rockets around here, my masterpiece shall be complete…","Я почти готов показать последний эпизод своего четырёхмерного произведения искусства в реальном времени, под названием «Омерзительный Взрыв Ведьмы, дубль 9»! Остался последний штрих - поджечь три ракеты, и шедевр будет завершен…",264,
82,120,15.57,Hunter,"Now that was a 900! I have to admit, you've got some skills, Spyro. But before you get too cocky, let's see if you can score some real points on the giant ski ramp. Do whatever moves you want, and see how many points you can get. &[Score 500 points on the giant ski ramp. &[Jump on ramp to do half-pipe moves. &[Don't jump on ramp to do rolls and flips.","Вот это было 900! Признаю, Спайро, что ты несколько поднаторел. Но ты пока не важничай, потому что тебе пора набрать реальных очков вон на том огромном трамплине! Крутись и двигайся как вздумается и следи, сколько же очков накопилось. &[Выбей 500 очков на самом крутом трамплине. &[Чтобы сделать винт, нажимай < при прыжке. &[Для кувырков и сальто нажимать < не надо.",265,
86,120,15.36,Hunter,"Hey, nice roll! Now let's see you pull a flip. Flips are exactly like rolls, only you push up or down instead of left or right. Just jump off the ramp, hold down the } button, and push up or down on the directional pad. &[Press < button to jump off ramp. &[Hold down } button and push & up or down on the directional pad. &[Land on the next ramp.","Эй, классный кувырок! На очереди сальто. Это почти как кувырок, но ты нажимаешь вверх или вниз вместо влево и вправо. Выпрыгиваешь с трамплина, зажимаешь } и давишь вперёд или назад, как при обычной ходьбе. &[Используй < чтобы спрыгнуть. &[Удерживай }, и нажимай стрелку вверх или вниз &[Приземлись на следующий трамплин. ",266,
92,120,14.72,Hunter,"This one's freestyle, Spyro! Do whatever tricks you want off the ramp. If you jump off the ramp, you can do half-pipe moves. If you don't jump off the ramp, you can do rolls and flips. The harder the trick, the more points you'll score. &[Score 500 points on the giant ski ramp &[Jump on ramp to do half-pipe moves. &[Don't jump on ramp to do rolls and flips.","Время импровизировать, Спайро! Делай абсолютно что захочешь после спуска. Прыгнешь - можешь вращаться винтом. Вылетишь с трамплина - тогда выполняй сальто и кувырки. Труднее приём - больше очков. &[Набери 500 на гигантском трамплине. &[Включай мозги, дави на джойстик.",267,
110,120,13.87,Mowat,"Hey, you found Farley! How can I ever thank you? I mean, I could give you this old egg, but Farley's been chewing on it and it's kinda slimey... oh well, it's the thought that counts, right?","Эй, ты нашёл Фарля! Как же я тебя могу отблагодарить?.. Хотя я мог бы тебе дать это старое яйцо, но Фарль его обслюнявил и теперь оно скользкое... ну да и ладно, оно же от этого хуже не стало?",268,
112,120,13.87,Hunter,"Whoa, you must be a natural! Now let's see if you can pull off a half-pipe spin move. The blue ramps are half-pipes. You can do a spin move by jumping at the top of the blue ramp, then steering left or right in the air. &[Press < button at top of blue ramp to jump. &[Steer left or right in air to spin.","Ого, да ты прирождённый мастер! Ну-ка посмотрим, как ты освоишь прыжок с винтом. Это вот на таких синих трамплинах. Чтобы вращаться, прыгни на верхушке трамплина и управляй в воздухе влево или вправо. &[Для вертикального вращения нужен <.&[Кнопки влево и вправо придают крутящий момент. ",269,
138,120,12.16,Hunter,"You can go for the course record now, if you want. Whenever you hop on a skateboard, a timer will start. Score as many points as you can until the timer expires or you wipe out. Good luck!","А если хочешь, попробуй-ка поставить тут свой рекорд. Как только ты прыгнешь на скейтборд, таймер начнёт отсчёт. Набирай как можно больше очков, пока не кончится время. И постарайся не падать!",270,
160,120,11.52,Hunter,"Flips are my signature move! Just jump off the ramp, hold down the } button, and push up or down on the directional pad. Try doing a flip and landing on the next ramp. &[Press < button to jump off ramp. &[Hold down } button and push & up or down on the directional pad. &[Land on the next ramp.","Сальто - моя визитная карточка! Спрыгивай с трамплина как я тебя учил, сразу держи } и выбери направление вращения: назад или вперёд. Старайся сделать это так, чтобы оказаться ровно на следующем трамплине. &[< - толчок. &[} и стрелки вверх или вниз - сальто. &[Допрыгни до второго трамплина.",271,
176,120,10.88,Jasper,"And now, for my latest experiment: 'Blast-Sculpting'! I shall attempt to carve an image of you with a single explosive detonation…","И последний эксперимент: ""Взрывная Скульптура""! Я попытаюсь растерзать твоё воображение лишь единственной детонацией взрывчатки... ",272,
177,120,10.88,Jasper,The world breathlessly awaits my brilliant four-dimensional masterpiece... just light all the rockets and prepare to be amazed by my genius!,"Весь мир, затаив дыхание, ждёт мой невероятный четырёхмерный шедевр... Просто запали все ракеты и будь готов поразиться моей гениальности.",273,
200,120,10.24,Hunter,"Isn't this the wildest skateboard park you've ever seen? Once you've mastered a few tricks, you could score huge points in this place! What do you say I show you some moves? &Learn some tricks? &Of course! &Some other time…","Слушай, видал ли ты парк для скейтбординга круче этого? Освоив несколько трюков, ты сможешь зарабатывать здесь очень много очков! Давай я тебе покажу пару приёмчиков, что скажешь? &Поучишься новым трюкам?&Поехали! &Я и так профи. ",274,
232,120,8.96,Hunter,"This one's cake! Just press the < button to jump off the ramp, then hold down the } button and steer left or right to do a roll. &[Press < button at top of ramp to jump. &[Hold down } button and steer left or right to roll.","Это же элементарно, Ватсон! Жми < только у самого края трамплина, затем удерживай } и крутись кнопками влево или вправо.&[Вылети кнопкой < от края трамплина. &Задержи } в полёте и повернись вправо или влево. ",275,
260,120,8.32,Ooga,"Hello birdy, I was having a lovely vacation with my friend, but he's lost all his bones. Can you find them and put him together?","Здравствуй, птичка. Мы с другом выбрались в отпуск, всё было чудесно, но он умудрился растерять все свои кости. Ты мог бы собрать его обратно?",276,
268,120,8.11,Hunter,"OK, now try doing a roll. You can roll in midair by holding down the } button and steering left or right. &[Press < button at top of ramp to jump. &[Hold down } button and steer left or right to roll.","Отлично, теперь попробуем кувырок. Вращайся прямо в полёте, удерживая } и управляя кнопками вправо или влево. &[Выскочи кнопкой < с края трамплина. &Зажми } в воздухе и крутанись влево или вправо. ",277,
299,120,7.25,Hunter,"Well, there's no shame in losing to the master... at least not much shame... Wanna try again? &Compete for points? &Let's go! &Later…","Ну ничего, учителю проиграть не стыдно… ну, не очень уж стыдно… &Берешь реванш? &Ещё бы! &А, продую…",278,
302,120,7.25,Ooga,"My friend is feeling much better now... Oh, no! He's started his bone dance again…",Моему другу намного лучше... Неееет! Он опять начал свой танец костей…,279,
307,120,7.25,Pablo,"My friend Jasper has a plan to blow the statue to kingdom come, but we'll have to clear out these rhynocs first.","Мой друг Джаспер придумал, как можно взорвать к чертям её памятник, но сперва надо бы всех носорогов в порошок стереть.",280,
310,120,7.25,Ooga,"Have you found any of my friend's bones? We have to go back to Skelos Badlands, and we can't leave without them.","Ты отыскал косточки моего друга? Нам пора домой, в Пустошь Скелетов, а как мы туда явимся без костей?",281,
320,120,6.83,Hunter,I'm thinking you're ready to try some one-on-one competition. Want to try a freestyle competition for points? &Compete for points? &Let's go! &Later…,"Ну чё, думаю, пора тебе и со мной посостязаться. Давай так: трюки любые, играем на очки. Ок? &Посоревнуешься за первенство? &Я победю! &Не, я ещё не спец…",282,
357,120,6.19,Ooga,"Here have this. I was going to keep it as a souvenir, but I don't have room in my luggage.","Вот возьми. Я бы оставил его как сувенир, но у меня и так чемоданы битком набиты.",283,
416,120,5.12,Hunter,Just jump at the top of any blue ramp and steer left or right in the air to spin! &[Press < button at top of blue ramp to jump. &[Steer left or right in air to spin.,"Просто подпрыгни на краю любого синего трамплина и повернись влево или вправо! &[Нажми < у края. &[Пока в воздухе, жми влево или вправо для винта.",284,
444,120,4.69,Hunter,"No problem, check the place out for yourself. Just meet me back here later!","Ну ладно, как хочешь. Тогда катайся сам! А как накатаешься - приходи. ",285,
470,120,4.27,Hunter,"Alright! Whoever scores the most points in the time limit, wins! &[Freestyle competition for two minutes.","Погнали! Тот, кто наберёт больше всего очков за пару минут, выигрывает! &[Вольное катание 2 минуты.",286,
499,120,3.63,Hunter,Just come find me when you're ready for a good thrashing!,"Как наберёшься духу - дерзай, погоняем!",287,
557,120,2.13,Sgt. Byrd,I'll be here when you need me.,Буду нужен - буду здесь.,288,
558,120,2.13,Sgt. Byrd,It's good to be back in action.,Хорошо быть в строю!,289,
1008,120,11.31,Pablo,"Those crummy rhynocs forced us to build a statue of the Sorceress. Then, after we built it, she complained it was too ugly! If you ask me, the statue is much prettier than she is.","Эти жиртресты носороги заставили нас построить памятник Колдунье. А кикимора потом жаловалась, дескать - ужасно получилась! Как по мне, так в жизни эта образина в тысячу раз хуже.",290,
1010,120,10.67,Hunter,"Alright, you nailed it. Now let's see if you can do a 900! Get as much height as you can, spin two and a half revolutions in the air and land back on the ramp. &[Press < button at top of blue ramp. &[Steer left or right to do 3 spins. &[Land it.","Ну что ж, ты пристрелялся. Посмотрим-ка, удастся ли тебе проделать 900! Возьми наибольшую высоту, какую только сможешь, прокрутись  два с половиной раза в воздухе и приземлись на трамплин. &[< - толчок. &[Держи влево или вправо до 3 вращений. &[Не упади!",291,
1025,120,8.53,Hunter,"Let's start with something easy. You can jump off the end of ramps by pressing the < button. I'll show you how to do it once, then it's your turn. &[Press < button at top of ramp to jump.","Займёмся простеньким. Спрыгивай с края нажатием кнопки <. Я покажу тебе разок, а потом твой черёд .&[Нажми < на краю трамплина, чтобы выпрыгнуть вперёд.",292,
1026,120,8.53,Ooga,"What did you have to come back for? Now he's going to do his whole routine again! Well, here we go…","Ну и чего ж ты вернулся? Он ведь заново зарядит своё представление! Вот, началось…",293,
1027,120,8.53,Hunter,Just press the < button at the top of the ramp to jump off it. Try jumping as close to the top as possible to get the most hang time.,"Просто нажимай < на самом конце трамплина, чтобы вылететь. Старайся прыгать как можно ближе к краю, чтобы дольше зависать в воздухе.",294,
1069,120,5.97,Ooga,"You're doing great, please find the rest of the bones so we can put my friend back together.","Молодец! Но это ещё не все кости. Нам они нужны @;все до единой@0,чтобы вернуть моего друга.",295,
1107,120,4.69,Jasper,"Not too bad, eh? Very post-neolithic, wouldn't you say?","Неплохо, да? Ну так, в стиле пост-неолита…",296,
1120,120,4.27,Sgt. Byrd,"I'm ready to patrol the towers and the perimeter of the islands whenever you want me to. &Go on patrol &Yes sir! &No, I'm off duty.","Я готов охранять башни и острова по периметру, когда ты того пожелаешь. &Пойдёшь на службу? &Да, сэр! &Никак нет! Дембель.",297,
1137,120,3.63,Hunter,Are you ready to learn some tricks and take on the next challenge? &Take the challenge? &Let's go! &No thanks.,"Как насчёт того, чтобы освоить парочку приёмов и перейти кое к чему поинтересней? &Попрактикуешься? &Начнём! &А может не надо?",298,
1154,120,2.99,Hunter,"I think you're getting it, just try one more time.",Здесь нужна практика. Попробуй ещё!,299,
,122,,,Come on in.\ -Sheila,Заходи!\ -Шейла,300,
136,122,12.37,Moneybags,"\ You've made a wise choice...\ It will mean more eggs for you...\ And more gems for me. \ Best of all, Spyro...\ I can stop speaking Haiku.\ What a sweet relief!","То мудрый выбор:\ Побольше яиц тебе,\ И алмазов мне. \ Удачи, Спайро...\ Хайку прекратить могу -\ О, как хорошо!",301,
153,122,11.52,Basho the Firefly,"\ We have the bombs here.\ We must destroy the egg cage.\ But we just go boom.\ \ Kangaroo can help!\ You can clear the path for us!\ Will Sheila help us? &Help the firefly bombers? &Yes, I love your freestyle Haiku. &Sorry, just passing through.","Бомбы тут у нас.\ Должны разбить решётку,\ Но мы взорвёмся.\ \ Кенгуру спасёт!\ Ты для нас расчистишь путь.\ Шейла нам поможет? &Проводить светлячка-подрывника? &Да, я люблю свободный хайку. &Простите, я всего лишь гуляю.",302,
154,122,11.52,Buson the Firefly,"\ We have the bombs here.\ We must destroy the egg cage.\ But we just go boom.\ \ Kangaroo can help!\ You can clear the path for us!\ Will Sheila help us? &Help the firefly bombers? &Yes, I love your freestyle Haiku. &Sorry, just passing through.","Бомбы тут у нас.\ Должны разбить решётку,\ Но мы взорвёмся.\ \ Кенгуру спасёт!\ Ты для нас расчистишь путь.\ Шейла нам поможет? &Проводить светлячка-подрывника? &Да, я люблю свободный хайку. &Простите, я всего лишь гуляю.",303,
283,122,7.68,Basho the Firefly,"OW...\ I went boom again.\ Big rocks can be kicked, they say,\ Mushrooms must be stomped. &Help the twin? &Yes.&No.",Аай...\ Пойду заново.\ Пинай большие камни\ И топчи грибы. &Отправляемся снова? &Да.&Нет.,304,
284,122,7.68,Buson the Firefly,"OW...\ I went boom again.\ Big rocks can be kicked, they say,\ Mushrooms must be stomped. &Help the twin? &Yes.&No.",Аай...\ Пойду заново.\ Пинай большие камни\ И топчи грибы. &Отправляемся снова? &Да.&Нет.,305,
324,122,6.83,Basho the Firefly,\ The eggs are all free!\ Two dragons are born today!\ Sheila's my hero.,Яйца свободны!\ Родились два дракона!\ Шейла – мой герой.,306,
325,122,6.83,Buson the Firefly,\ The eggs are all free!\ Two dragons are born today!\ Sheila's my hero.,Яйца свободны!\ Родились два дракона!\ Шейла – мой герой.,307,
341,122,6.40,Moneybags,\ I can't let you through.\ You're too poor to pass this door.\ Come back with more cash. &[^ gems needed to open door,Я не пропущу -\ Возвращайся с деньгами:\ Ты слишком беден. &[Для открытия двери нужно ^^^ бриллиантов.,308,
363,122,5.97,Moneybags,\ Stop talking to me.\ I hate speaking in Haiku.\ Just go find some gems…,"Ну хватит болтать,\ Как не люблю я хайку...\ Ищи камешки…",309,
364,122,5.97,Sheila,\ This swamp smells so sweet.\ The springtime trees are fragrant.\ I'm off to kick butt.,Чудо-болото\ С весенним ароматом -\ Пойду разомнусь.,310,
376,122,5.76,Homer the Firefly,"No happier sight\ Have I seen, than a tea lamp\ lit by Dragonflame.",Ничего лучше\ Не видел я: ведь лампа\ Сияет огнём!,311,
389,122,5.55,Buson the Firefly,"\ Yes! It's bombing time!\ Here I come, my little eggs,\ To free you at last!!","Да! Время бомбить!\ Яички, вот я иду,\ Освобожу вас!",312,
393,122,5.55,Homer the Firefly,Our tea lamps are dark.\ Perhaps your hot dragon breath\ could set them aglow.,Свечи угасли.\ Драконьим дыханием\ Зажжёшь их опять?,313,
394,122,5.55,Basho the Firefly,"\ Yes! It's bombing time!\ Here I come, my little eggs,\ To free you at last!! &[Kick rocks out of the way. &[Stomp on mushrooms.","Да! Время бомбить!\ Яички, вот я иду,\ Освобожу вас!",314,
395,122,5.55,Buson the Firefly,"\ Yes! It's bombing time!\ Here I come, my little eggs,\ To free you at last!! &[Kick rocks out of the way. &[Stomp on mushrooms.","Да! Время бомбить!\ Яички, вот я иду,\ Освобожу вас!",315,
408,122,5.33,Bubba the Firefly,\ He swore to destroy\ whoever lights the tea lamps.\ Better you than me. &[Use Wizard's bombs against him. &[Avoid Gators.,"Поклялся убрать\ Любых, кто свечки зажгёт -\ Тебя, не меня. &[Использовать бомбы колдуна против него же. &[Избегать охраны.",316,
424,122,5.12,Homer the Firefly,\ Beware the water.\ Snapping jaws of piranha\ claim many victims.,Сторонись воды:\ Зубастые пираньи\ Голодны очень.,317,
425,122,5.12,Bubba the Firefly,"\ A creepy wizard\ lives inside, but hates the light.\ He has awoken.","Ужасный колдун\ Живёт, ненавидя свет.\ И он разбужен.",318,
427,122,5.12,Basho the Firefly,"\ If you clear my path\ I can blow up the egg cage.\ Poor, poor captive eggs. &Help the twin? &Yes, of course. &No more Haiku... please!","Отведи меня,\ Спасу бедных пленников:\ Разнесу клетки. &Помочь близнецу? &Да, конечно. &Нет уж, хватит с меня хайку!",319,
428,122,5.12,Buson the Firefly,"\ If you clear my path\ I can blow up the egg cage.\ Poor, poor captive eggs. &Help the twin? &Yes, of course. &No more Haiku... please!","Отведи меня,\ Спасу бедных пленников:\ Разнесу клетки. &Помочь близнецу? &Да, конечно. &Нет уж, хватит с меня хайку!",320,
429,122,5.12,Homer the Firefly,\ That gator was mean.\ I thought I was a goner.\ Thanks for saving me.,"Проклятый сторож,\ Я уж думал, что сгину.\ Спасибо. Ты спас!",321,
433,122,4.91,Bubba the Firefly,\ The tea lamps are lit!\ Now I'll tell you the secret\ of what's in this house!,"Фонари горят!\ Я поведаю тайну,\ Что в доме этом.",322,
445,122,4.69,Bubba the Firefly,\ When all lamps are lit\ there is a secret in here\ that I will show you.,"Внутри есть секрет.\ Когда засветят лампы,\ Открою его.",323,
1060,122,6.19,Shiny the Firefly,"\ You are brave, dragon.\ Much braver than I, by far.\ Here, take this darn egg.","Ты смелый дракон.\ Смелее меня, о да...\ Вот, бери яйцо.",324,
1068,122,5.97,Moneybags,"\ Dad gummit, dragon.\ Just cough up those stinking gems.\ And I can go home.","Эй, не жмись, дракон...\ Отдай же самоцветы -\ Да пойду домой.",325,
1071,122,5.76,Moneybags,"\ This door is jammed shut.\ Only the power of gems\ Can hope to move it. &Pay ^ gems to open the door? &Sure, just shut up. &No, your haiku poetry stinks.","Каменная дверь.\ И только сила камней\ Отопрёт её. &Платить ^^^ драгоценностей, чтоб открыть проход? &Ага, только заткнись! &Не, дурным хайку несёт.",326,
1078,122,5.55,Basho the Firefly,"\ Yes! It's bombing time!\ Here I come, my little eggs,\ To free you at last!!","Да! Время бомбить!\ Яички, вот я иду,\ Освобожу вас!",327,
1086,122,5.33,Basho the Firefly,\ One egg cage remains.\ Will you now help my brother\ to free the last egg? &Will you help my brother now? &Yes.&No.,Есть ещё клетка.\ Проведи сейчас брата –\ Яичко спаси.? &Помочь теперь и брату? &Да.&Нет.,328,
1087,122,5.33,Buson the Firefly,\ One egg cage remains.\ Will you now help my brother\ to free the last egg? &Will you help my brother now? &Yes.&No.,Есть ещё клетка.\ Проведи сейчас брата –\ Яичко спаси.? &Помочь теперь и брату? &Да.&Нет.,329,
1105,122,4.69,Basho the Firefly,\ We will be waiting.\ When you return to help us.\ We shall bomb again!,"Ладно, подождём.\ А когда ты вернёшься,\ Попробуем вновь.",330,
1106,122,4.69,Buson the Firefly,\ We will be waiting.\ When you return to help us.\ We shall bomb again!,"Ладно, подождём.\ А когда ты вернёшься,\ Попробуем вновь.",331,
,124,,,"Dreadfully sorry to inconvenience you, Spyro, but I have been detained for the moment. Please come visit my outpost, if it suits you. -Bentley","Я ужасно извиняюсь за опоздание, Спайро, но меня задержали обстоятельства. Если не затруднит, зайди ко мне на станцию. -Бентли",332,
,124,,,"To All Explorers: There is no yeti here, and there never was! He was just a myth. As far as you know. -The Sorceress","Всем Исследователям: здесь нет йети, и никогда не было! Каждый знает — он всего лишь миф. -Колдунья",333,
,124,,,"Welcome, most esteemed dragon. -Bentley","Заходите, уважаемый дракон. \ -Бентли",334,
97,124,14.51,Ling Ling,"Spyro! Rhynocs have been harassing us all day. The workers haven't been able to harvest the bamboo needed for the whirligig to take you to Evening Lake. We've tried asking them to leave, but there's no reasoning with them.","Спайро! Нас целый день изводят носороги. Рабочие были не в силах собрать бамбук для ветролёта, который доставил бы тебя в мир Вечернего Озера. Мы просили их уйти, но они нас совсем не слушают. ",335,
205,124,10.03,Shui,"Please help us Spyro! My friends are trying to go home after a long shift in the fields, but rotten rhynocs keep knocking them down. Can you save the panda workers? &Flame all rhynocs? &You bet!&Um, sounds too tough for me.","Прошу, помогите нам, Спайро! Мои друзья хотят вернуться домой после долгой работы в поле, но эти бесчестные носороги сталкивают их вниз. Вы ведь защитите бедных панд? &Спалишь носорогов? &А то ж! &Э, чё-то как-то трудновато.",336,
293,124,7.47,Shui,"Thank you for offering to help Spyro, but surely even you wouldn't be able to defeat all those rhynocs until the power up is active.","Благодарю за старание помочь, Спайро, но даже тебе не одолеть всех носорогов, пока ты не воспользуешься усилителем пламени.",337,
333,124,6.61,Sing Sing,Oh! The emergency escape bridge! Why didn't I think of it sooner? I shall open it right away.,А! Запасной мост! Как я раньше не вспомнил? Сейчас же его открою.,338,
355,124,6.19,Shui,"I'm sure you have many important things to do, but if you could find the time to help please come back.","Конечно же, у вас много неотложных дел. Но если вы найдёте чуточку времени, прошу, вспомните о нас.",339,
375,124,5.76,Bartholomew,We sure made short work of those rhynocs! Aren't you glad I was here to help you rescue that baby dragon?,"Да уж, задали мы трёпку этим носорожкам! Ты чё, недоволен, что я помогал тебе спасать малютку дракона, а?",340,
390,124,5.55,Bartholomew,"Heh, heh, that looked like it hurt. You should try using your spin move to deflect those barrels.","Хе-хе, кажись больно, да? Крути дубинкой, чтобы отбиваться от бочек.",341,
391,124,5.55,Ling Ling,If you could clear the way for Chi Chi and Li they'd most likely be able to push that boulder out of your way.,"Если ты расчистишь путь для Чи Чи и Ли, то, скорее всего, они смогут откатить с дороги тот большой валун.",342,
426,124,5.12,Shui,"Please, hop aboard. Make sure to toast the rhynocs, but not my friends!","Пожалуйте на борт. Только поджигайте носорогов, а не моих друзей!",343,
434,124,4.91,Sing Sing,We would be honored if you would accept this as a token of our appreciation.,"Мы сочтём за честь, если вы примите это в знак нашей признательности.",344,
435,124,4.91,Li,Do you mind? I'm trying to avoid being trampled by a water buffalo.,Вы здоровы? Я тут как бы стараюсь не попасть под копыта настырному буйволу.,345,
446,124,4.69,Feng,If only there were three of us I'm sure we could reach that switch to open the drawbridge.,"Если бы нас было трое, мы бы с лёгкостью опустили мост с помощью того рычага.",346,
447,124,4.69,Li,"Wahey! Ahem, sorry the excitment got the better of me.","Крутяк! Кхм, простите, эмоции возобладали надо мной.",347,
448,124,4.69,Chi Chi,"Wahey! Ahem, sorry the excitment got the better of me.","Крутяк! Кхм, простите, эмоции возобладали надо мной.",348,
449,124,4.69,Lei,If only there were three of us I'm sure we could reach that switch to open the drawbridge.,"Как только нас будет трое, мы запросто дотянемся до рычага, опускающего мост.",349,
461,124,4.48,Chi Chi,If you could rescue Li we'd be able to push this boulder out of the way.,"Если вы выручите панду Ли, мы сможем отодвинуть этот камень с дороги.",350,
462,124,4.48,Lei,"Oh no, I think that water buffalo is going to trample me.","Ой-ой, как бы не оказаться у буйвола под копытами.",351,
463,124,4.48,Bartholomew,"Hey, I think I saw some rhynocs run up to the top of that hill with an egg!","Эй, я тут видал, как носороги утащили яйцо на вершину этой горы!",352,
485,124,4.05,Ling Ling,"Thank you ever so much for opening the emergency bridge, Spyro.","Я вам очень благодарен за то, что вы открыли запасной мост, Спайро.",353,
507,124,3.63,Shui,"Please take this shiny egg, it will bring you good luck.","Прошу вас, возьмите яйцо. Его сияние приносит удачу.",354,
523,124,3.20,Shui,I'm sure you would succeed if you were to try again. &Flame all rhynocs? &Yes.&No.,"Не сомневаюсь, вы справитесь, если попробуете снова. &Подкоптить носорогов? &Ага.&Неа.",355,
536,124,2.77,Lei,Please would you be so kind as to step aside.,"Будьте так добры, отойдите в сторону.",356,
537,124,2.77,Tsai,Please would you be so kind as to step aside.,"Прошу вас, немного отойдите. ",357,
538,124,2.77,Chi Chi,"Help, help!",На помощь!,358,
556,124,2.13,Lei,Just let me catch my breath.,Позвольте мне отдышаться.,359,
562,124,1.71,Ling Ling,Doobedoobedoo.,"Тили-тили, трали-вали.",360,
570,124,1.49,Tsai,Help!!,Спасите!!,361,
1035,124,7.89,Bentley,"Ah, a fine day for a bit of a walk. I was just heading to the top of my favorite hill…","Ох, чудесный день для небольшой прогулки. Я как раз собирался взобраться на вершину своего любимого пригорочка…",362,
1066,124,5.97,Li,"Pushing that boulder was hard work, but as soon as I've caught my breath I'll return to collecting bamboo.",Очень трудно катить такой валун. Я чуточку отдышусь и продолжу собирать бамбук.,363,
1067,124,5.97,Chi Chi,"Pushing that boulder was hard work, but as soon as I've caught my breath I'll return to collecting bamboo.",Очень трудно катить такой валун. Я чуточку отдышусь и продолжу собирать бамбук.,364,
1070,124,5.76,Feng,"We would gladly pull the switch to open the drawbridge, if only there weren't all these nasty creatures chasing us.","Мы бы с радостью опустили разводной мост, если бы за нами не гонялись эти гадкие создания.",365,
1104,124,4.69,Tsai,If only there were three of us I'm sure we could reach that switch to open the drawbridge.,"Будь нас трое, мы бы непременно достали до того рычага, чтобы опустить мост.",366,
1115,124,4.27,Tsai,"I'll be with you momentarily, I just need to rest for a second.","Я сейчас же подойду, только капельку отдышусь.",367,
1116,124,4.27,Li,If you could rescue Chi Chi we'd be able to push this boulder out of the way.,"Если вы спасёте Чи Чи, мы смогли бы откатить этот валун в сторону.",368,
1135,124,3.84,Shui,"Would you like to try some of this bamboo, it tastes great.",Не желаете ли отведать бамбука? Он удивительно вкусен.,369,
1136,124,3.84,Sing Sing,Would you care for a cup of my medicinal herbal tea?,Не хотите ли чашечку моего целебного травяного чая?,370,
1148,124,3.20,Lei,Please be careful those rockets are dangerous!,"Прошу, будьте осторожны. Эти ракеты весьма опасны!",371,
1163,124,2.77,Li,Please would you be so kind as to step aside.,"Будьте любезны, отойдите в сторону.",372,
1164,124,2.77,Chi Chi,Please would you be so kind as to step aside.,Можно вас попросить немножечко отойти?,373,
1166,124,2.56,Feng,Please would you be so kind as to step aside.,"Прошу вас, немного отойдите.",374,
